Obs,HHMMSS,FTime,EBal?,Photo,Cond,Ci,FCnt,DCnt,Fo,Fm,Fo',Fm',Fs,Fv/Fm,Fv'/Fm',PhiPS2,Adark,RedAbs,BlueAbs,%Blue,LeafAbs,PhiCO2,qP,qN,NPQ,ParIn@Fs,PS2/1,ETR,Trmmol,VpdL,CTleaf,Area,BLC_1,StmRat,BLCond,Tair,Tleaf,TBlk,CO2R,CO2S,H2OR,H2OS,RH_R,RH_S,Flow,PARi,PARo,Press,StableF,BLCslope,BLCoffst,f_parin,f_parout,alphaK,Status,fda,Trans,Tair_K,Twall_K,R(W/m2),Tl-Ta,SVTleaf,h2o_i,h20diff,CTair,SVTair,CndTotal,vp_kPa,VpdA,CndCO2,Ci_Pa,Ci/Ca,RHsfc,C2sfc,AHs/Cs,Fv,PARabs,Fv',qP_Fo,qN_Fo,comment
1,10:52:15,6352.499999,0,-1.147884805,0.04455532,422.7117559,1,0,48.32950974,220.05867,0,0,0,0.780378979,NA,NA,0.276498563,0.87,0.92,0,0.87,-0.709612105,NA,1,NA,0,0.5,NA,1.282546485,2.178616492,24.03121758,2,4.644859791,1,9.289719582,24.57479477,24.03121758,24.15236092,399.9311829,400.3531494,9.798648834,10.64262867,24.41304779,26.51579857,300.693634,2.307207346,402.3538208,77.23457336,0.75,-1.355140209,7.355140209,1,0,0.159999996,111115,1.50346817,0.001282546,297.1812176,297.7247948,0.369153167,-0.191142186,3.000595376,38.85041693,28.20778826,24.30300617,3.049923428,0.044342644,0.821978885,2.227944543,0.027733182,32.64796212,1.05584721,25.90688371,400.5199623,-7.42488e-4,171.7291603,2.007270391,0,0,1.281428673,24_light
2,11:02:47,6984.499999,0,3.133330743,0.043118212,264.9488592,2,1,48.32950974,220.05867,59.7512207,177.1832123,63.58321381,0.780378979,0.662771546,0.641144254,0.276498563,0.87,0.92,9.709600449,0.8748548,0.006500234,0.967368406,0.267457675,0.241983748,502.365448,0.5,140.8904316,1.274774731,2.237850943,23.99448395,2,4.644859791,1,9.289719582,23.68498993,23.99448395,22.98012924,399.8297729,397.4085083,8.952389717,9.792058945,23.52322197,25.72953033,300.6641235,502.365448,392.5173035,77.21882629,1,-1.355140209,7.355140209,1,0,0.159999996,111115,1.503320618,0.001274775,297.1444839,296.8349899,80.37846988,0.078967397,2.993982242,38.77269813,28.98063919,23.83973694,2.966262939,0.042919004,0.756131299,2.21013164,0.026842204,20.45903993,0.666691461,23.74880148,396.9531666,0.0018746,171.7291603,439.4968236,117.4319916,0.881619979,0.249669058,24_light
3,11:05:20,7137.499999,0,4.14208147,0.042514762,225.5597044,3,2,48.32950974,220.05867,55.71362305,165.9675598,64.1386261,0.780378979,0.664310163,0.613547213,0.276498563,0.87,0.92,9.8670187,0.874933509,0.006328197,0.923585467,0.329131369,0.325913753,698.1680298,0.5,187.3928428,1.255783142,2.235799718,23.97561455,2,4.644859791,1,9.289719582,23.64486313,23.97561455,22.9810791,399.904541,396.8180542,8.94728756,9.77438736,23.56744003,25.74604607,300.6913147,698.1680298,266.0357971,77.22125244,1,-1.355140209,7.355140209,1,0,0.159999996,111115,1.503456573,0.001255783,297.1256145,296.7948631,111.7068823,0.200958835,2.990590151,38.72755306,28.9531657,23.81023884,2.961004588,0.042321078,0.754790434,2.206214154,0.026468007000000002,17.41800287,0.568420973,23.72980815,396.2161189,0.002480737,171.7291603,610.8506044,110.2539368,0.86561222,0.314979181,24_light
4,11:07:53,7290.499999,0,4.811763846,0.043479479,204.2265188,4,3,48.32950974,220.05867,48.16577148,113.568985,60.03388596,0.780378979,0.575889742,0.471388373,0.276498563,0.87,0.92,9.788665771,0.874894333,0.004719025,0.818539276,0.619511835,0.9376652,1098.486694,0.5,226.5162038,1.300358596,2.263572647,24.14421463,2,4.644859791,1,9.289719582,23.63346481,24.14421463,22.98081207,399.9759827,396.4330139,8.952256203,9.80859375,23.5971489,25.85435867,300.7234497,1098.486694,406.9298401,77.22265625,1,-1.355140209,7.355140209,1,0,0.159999996,111115,1.503617249,0.001300359,297.2942146,296.7834648,175.7578672,0.43037091,3.02101831,39.12088054,29.31228679,23.88883972,2.975034145,0.043276926,0.757445663,2.217588481,0.027066204,15.77091426,0.51516022,23.55128619,395.7337591,0.002863623,171.7291603,961.0597836,65.4032135,0.820593649,0.62010252,24_light
5,11:10:26,7443.499999,0,5.715552954,0.044814147,177.4157017,5,4,48.32950974,220.05867,45.68334961,91.16556549,58.53881836,0.780378979,0.498896877,0.357884547,0.276498563,0.87,0.92,9.754099846,0.87487705,0.004146399,0.717351749,0.739170567,1.413835409,1499.35791,0.5,234.7282119,1.34089688,2.264924311,24.16516495,2,4.644859791,1,9.289719582,22.7254734,24.16516495,21.49688911,400.2611084,396.1061707,8.956882477,9.839993477,24.94207001,27.40125275,300.687561,1499.35791,398.9133911,77.22503662,1,-1.355140209,7.355140209,1,0,0.159999996,111115,1.503437805,0.001340897,297.3151649,295.8754734,239.8972603,0.628782606,3.024818167,39.16887967,29.3288862,23.44531918,2.896624711,0.044598999,0.759893857,2.136730854,0.027893624,13.70093406,0.447899364,23.6095449,395.2755755,0.003413861,171.7291603,1311.753825,45.48221588,0.76166553,0.750560384,24_light
6,11:13:00,7597.499999,0,5.612620332,0.047811395,193.0349476,6,5,48.32950974,220.05867,43.97021484,85.09277344,58.85548019,0.780378979,0.483267344,0.308337503,0.276498563,0.87,0.92,9.9796772,0.874989839,0.003387925,0.63802677,0.76646647,1.586102922,1800.068359,0.5,242.8221848,1.430206001,2.266052727,24.03427124,2,4.644859791,1,9.289719582,22.50444031,24.03427124,21.49267769,399.9514771,395.8424377,8.575695038,9.517767906,24.20589066,26.86499977,300.7397156,1800.068359,391.6951904,77.23375702,1,-1.355140209,7.355140209,1,0,0.159999996,111115,1.503698578,0.001430206,297.1842712,295.6544403,288.0109311,0.793848343,3.001145701,38.857953,29.3401851,23.26935577,2.866020815,0.047566584,0.735092974,2.130927841,0.029751013,14.90881424,0.48765602,23.01834154,395.0268009,0.003270492,171.7291603,1575.041523,41.12255859,0.713682372,0.785922999,24_light
7,11:15:42,7759.499999,0,5.182885008,0.050154156,215.7225081,7,6,48.32950974,220.05867,48.25317383,102.8484955,60.93955231,0.780378979,0.530832477,0.407482316,0.276498563,0.87,0.92,9.816422462,0.874908211,0.00431068,0.767628835,0.682225989,1.139639175,1300.928711,0.5,231.8968031,1.472664333,2.22545722,23.81315804,2,4.644859791,1,9.289719582,23.47500992,23.81315804,23.13230515,400.1070557,396.2717285,8.560251236,9.530399323,22.78363609,25.36574364,300.7023926,1300.928711,395.1009521,77.23363495,1,-1.355140209,7.355140209,1,0,0.159999996,111115,1.503511963,0.001472664,296.963158,296.6250099,208.1485891,0.532652818,2.961524602,38.34501126,28.81461194,23.64408398,2.931537699,0.049884834,0.736067382,2.195470317,0.031202107,16.66103344,0.544380264,23.42483019,395.5185417,0.003069596,171.7291603,1138.193211,54.59532166,0.768703647,0.682529248,24_light
8,11:18:33,7930.499999,0,5.265300524,0.052113827,219.0606658,8,7,48.32950974,220.05867,51.33056641,125.9533005,63.92198563,0.780378979,0.592463507,0.49249455600000003,0.276498563,0.87,0.92,9.728645325,0.874864323,0.005712997,0.831265641,0.557733819,0.747144928,998.1403198,0.5,215.0323219,1.548760072,2.252597558,23.96490288,2,4.644859791,1,9.289719582,24.1818943,23.96490288,23.84534645,400.1003723,396.1904297,8.509814262,9.530047417,21.70741463,24.30989647,300.7156372,998.1403198,390.5967712,77.23660278,1,-1.355140209,7.355140209,1,0,0.159999996,111115,1.503578186,0.00154876,297.1149029,297.3318943,159.7024476,0.358622759,2.988666045,38.69494433,29.16489691,24.07339859,3.008204951,0.051823108,0.736068487,2.272136464,0.032415437,16.91950163,0.552917611,23.1972185,395.425266,0.003088835,171.7291603,873.2373548,74.62273407,0.799127616,0.547987129,24_light
9,11:21:07,8084.499999,0,4.456150398,0.052544771,244.9388362,9,8,48.32950974,220.05867,54.90283203,146.5732422,65.02909088,0.780378979,0.625423909,0.556337228,0.276498563,0.87,0.92,9.73944664,0.874869723,0.005973368,0.889536233,0.44494599,0.501356365,799.7927246,0.5,194.638596,1.560602288,2.25127272,23.94154739,2,4.644859791,1,9.289719582,24.37241173,23.94154739,24.03565216,399.9791565,396.6038818,8.465465546,9.493516922,21.34775543,23.94024086,300.7216797,799.7927246,380.0454712,77.23184204,1,-1.355140209,7.355140209,1,0,0.159999996,111115,1.503608398,0.001560602,297.0915474,297.5224117,127.9668331,0.244632178,2.984474519,38.64305758,29.14954066,24.15697956,3.023333048,0.052249237,0.733201799,2.290131249,0.032682197,18.91707751,0.617590617,23.14161485,395.9563054,0.002604391,171.7291603,699.7144397,91.67041016,0.830018865,0.427914675,24_light
10,11:24:26,8283.499999,0,3.034497761,0.05170714,287.3251266,10,9,48.32950974,220.05867,60.25830078,174.9842377,63.22161865,0.780378979,0.655635836,0.638701065,0.276498563,0.87,0.92,9.68478775,0.874842394,0.007912614,0.974170463,0.282067135,0.257591386,398.4229431,0.5,111.3119535,1.524738907,2.234880334,23.91861343,2,4.644859791,1,9.289719582,25.0970192,23.91861343,25.0457325,400.3346863,397.9126892,8.647989273,9.652399063,20.88447571,23.31007767,300.6783752,398.4229431,385.4093933,77.23295593,1,-1.355140209,7.355140209,1,0,0.159999996,111115,1.503391876,0.001524739,297.0686134,298.2470192,63.74766947,0.037822946,2.980363646,38.58927332,28.93687426,24.50781631,3.087562236,0.051420928,0.745483311,2.342078925,0.032163672,22.19096884,0.722080834,23.58504449,397.4717101,0.0018006,171.7291603,348.5572813,114.7259369,0.882419637,0.262473958,24_light
11,11:42:49,9386.499999,0,-2.304756219,0.100953756,418.6222869,11,9,183.3020477,816.1975708,0,0,0,0.775419513,NA,NA,-2.614896522,0.87,0.92,0,0.87,0.163270653,NA,1,NA,398.4229431,0.5,NA,2.883701433,2.175426049,23.88666725,2,4.644859791,1,9.289719582,24.56933022,23.88666725,24.26177406,399.8862,400.6506348,8.451025009,10.34904957,21.06012917,25.79004478,300.71875,2.183387518,450.8083191,77.22637177,0.5,-1.355140209,7.355140209,1,0,0.159999996,111115,1.50359375,0.002883701,297.0366673,297.7193302,0.349341995,-0.455034014,2.974645599,38.51852069,28.16947112,24.22799873,3.036239696,0.09986846,0.799219549,2.237020146,0.062514395,32.32868036,1.044856168,25.8419651,400.9855664,-0.001485326,632.8955231,1.899547141,0,0,1.289624497,23_light
12,11:50:42,9859.499999,0,6.739204891,0.098281318,268.6438327,12,10,183.3020477,816.1975708,217.9057617,651.5280151,248.6623535,0.775419513,0.665546597,0.618339737,-2.614896522,0.87,0.92,9.892632484,0.874946316,0.021440902,0.929070541,0.275232843,0.25274363,498.6290894,0.5,134.8826778,2.844333818,2.201906621,24.06897926,2,4.644859791,1,9.289719582,24.29609108,24.06897926,23.8768692,400.0804749,394.8513794,8.562870026,10.43485451,21.68152046,26.42145729,300.7133484,498.6290894,461.3210144,77.19324493,1,-1.355140209,7.355140209,1,0,0.159999996,111115,1.503566742,0.002844334,297.2189793,297.4460911,79.78065251,-0.16460573,3.007406901,38.95945693,28.52460242,24.18253517,3.027971854,0.097252429,0.80550028,2.222471574,0.060874377,20.73748917,0.68036696,25.7157579,393.8720251,0.004400002,632.8955231,436.2736849,433.6222534,0.860408627,0.260184422,23_light
13,11:53:23,10020.5,0,8.258521075,0.098463061,243.4211461,13,11,183.3020477,816.1975708,202.9401855,554.3414917,236.9849396,0.775419513,0.633907639,0.572492871,-2.614896522,0.87,0.92,9.933041573,0.874966521,0.017729961,0.903117167,0.426992133,0.472373227,700.9174194,0.5,175.5490067,2.850969091,2.202893138,24.08906746,2,4.644859791,1,9.289719582,23.9817524,24.08906746,23.40773773,399.9699097,393.7307434,8.592933655,10.46921349,22.17167282,27.01289177,300.714386,700.9174194,468.5334778,77.19231415,1,-1.355140209,7.355140209,1,0,0.159999996,111115,1.50357193,0.002850969,297.2390675,297.1317524,112.1467846,-0.056526643,3.011035954,39.00693984,28.53772635,24.03540993,3.001350935,0.097430383,0.808142816,2.193208118,0.060985934,18.79024158,0.61824267,25.77037019,392.5305992,0.005421874,632.8955231,613.2792758,351.4013062,0.855317561,0.413742979,23_light
14,11:56:03,10180.5,0,9.76023942,0.100769318,222.1332518,14,12,183.3020477,816.1975708,185.3972168,398.7861328,225.864212,0.775419513,0.535096129,0.433620697,-2.614896522,0.87,0.92,9.873936653,0.874936968,0.012853518,0.810360369,0.66171719,1.046704997,1100.401611,0.5,208.7411116,2.907961609,2.196325643,24.08457184,2,4.644859791,1,9.289719582,23.70540619,24.08457184,23.0950985,400.1254272,392.8742371,8.628473282,10.54211712,22.64002037,27.66117668,300.7148438,1100.401611,476.8287964,77.20439911,1,-1.355140209,7.355140209,1,0,0.159999996,111115,1.503574219,0.002907962,297.2345718,296.8554062,176.0642539,0.16635747,3.010223461,38.99031008,28.44819296,23.89498901,2.976134186,0.099687963,0.813897817,2.162236369,0.062401236,17.14966422,0.565405493,25.98774129,391.4558602,0.00647957,632.8955231,962.7820498,213.388916,0.80248117,0.659526609,23_light
15,11:59:21,10378.5,0,10.65890377,0.105051707,213.9368919,15,13,183.3020477,816.1975708,177.4360352,343.506012,224.1387177,0.775419513,0.483455809,0.347496958,-2.614896522,0.87,0.92,9.847345352,0.874923673,0.010106513,0.718777088,0.740012559,1.376079435,1501.148926,0.5,228.1996421,3.04000619,2.204072983,24.00522041,2,4.644859791,1,9.289719582,23.13686371,24.00522041,22.35225677,399.8954163,392.0141907,8.255055428,10.25606728,22.41687202,27.85068512,300.7306213,1501.148926,463.407959,77.20706177,1,-1.355140209,7.355140209,1,0,0.159999996,111115,1.503653107,0.003040006,297.1552204,296.2868637,240.1838228,0.368117701,2.995913803,38.8036241,28.54755682,23.57104206,2.918665373,0.103877026,0.79184082,2.126824553,0.065027667,16.51743883,0.545737621,25.42400373,390.4652182,0.006940234,632.8955231,1313.390731,166.0699768,0.745095759,0.74687139,23_light
16,12:01:54,10531.5,0,10.81392569,0.107504578,215.2199379,16,14,183.3020477,816.1975708,176.0712891,310.3947144,224.6851807,0.775419513,0.432750363,0.276130777,-2.614896522,0.87,0.92,9.818835258,0.874909418,0.008532737,0.638083294,0.790161052,1.62954726,1798.814941,0.5,217.2873269,3.113302294,2.206108898,24.05148315,2,4.644859791,1,9.289719582,23.1068306,24.05148315,22.35309601,399.970459,391.9658508,8.288085938,10.33750153,22.54782486,28.12328148,300.6826477,1798.814941,457.065155,77.20824432,1,-1.355140209,7.355140209,1,0,0.159999996,111115,1.503413239,0.003113302,297.2014832,296.2568306,287.8103842,0.534446187,3.004249241,38.91099024,28.57348871,23.57915688,2.920093018,0.106274722,0.798140344,2.121952675,0.066531112,16.61675355,0.549078287,25.57445074,390.3943503,0.007084124,632.8955231,1573.800133,134.3234253,0.674386146,0.799188552,23_light
17,12:04:30,10687.5,0,10.42028736,0.105194799,218.124468,17,15,183.3020477,816.1975708,180.8510742,365.0293579,224.9989014,0.775419513,0.504557455,0.38361423100000003,-2.614896522,0.87,0.92,9.924730301,0.874962365,0.011457255,0.760298412,0.710113639,1.235977883,1300.310913,0.5,218.2233885,3.009165258,2.178977005,23.88115692,2,4.644859791,1,9.289719582,23.52630615,23.88115692,23.02324295,399.9724121,392.2561951,8.31230545,10.29326057,22.04699326,27.30114174,300.6823425,1300.310913,474.0064392,77.20423126,1,-1.355140209,7.355140209,1,0,0.159999996,111115,1.503411713,0.003009165,297.0311569,296.6763062,208.0497414,0.272616302,2.973660275,38.51680441,28.22354384,23.70373154,2.942086309,0.104016933,0.79468327,2.147403039,0.065115391,16.84013187,0.556076541,25.73203524,390.7418988,0.006862208,632.8955231,1137.723112,184.1782837,0.770552629,0.71286365,23_light
18,12:07:04,10841.5,0,9.797207386,0.103367946,225.2126877,18,16,183.3020477,816.1975708,188.0673828,420.424469,229.2721252,0.775419513,0.552672604,0.454665125,-2.614896522,0.87,0.92,9.822015762,0.874911008,0.014200083,0.822666297,0.630081326,0.941365527,999.0578613,0.5,198.708374,2.967381835,2.185945254,23.91611671,2,4.644859791,1,9.289719582,23.92856598,23.91611671,23.52561569,399.9206543,392.6297302,8.331880569,10.28516197,21.56788635,26.62414742,300.7105713,999.0578613,479.3179626,77.19578552,1,-1.355140209,7.355140209,1,0,0.159999996,111115,1.503552856,0.002967382,297.0661167,297.078566,159.8492542,0.111299935,2.979916412,38.60206087,28.3168989,23.92234135,2.981031531,0.102230414,0.793971158,2.187060373,0.063995244,17.38547034,0.573600699,25.63354883,391.2059811,0.006419564,632.8955231,874.0867204,232.3570862,0.806133569,0.62533718,23_light
19,12:09:41,10998.5,0,8.960133175,0.101588623,236.4130896,19,17,183.3020477,816.1975708,195.0466309,472.2498169,234.3216858,0.775419513,0.586984211,0.503818366,-2.614896522,0.87,0.92,9.854513168,0.874927257,0.016570904,0.858316726,0.553726529,0.72831739,798.3695679,0.5,175.9624175,2.905008867,2.177605372,23.86547279,2,4.644859791,1,9.289719582,24.04275131,23.86547279,23.68224144,400.1176758,393.3976135,8.361580849,10.27401829,21.50061989,26.41818047,300.6804504,798.3695679,465.8356934,77.2095108,1,-1.355140209,7.355140209,1,0,0.159999996,111115,1.503402252,0.002905009,297.0154728,297.1927513,127.739128,0.006234845,2.970857298,38.47786713,28.20384884,23.95411205,2.986728815,0.100489708,0.793251926,2.193476889,0.062903882,18.253339,0.600952018,25.68244757,392.0955097,0.005868931,632.8955231,698.5152958,277.203186,0.823429548,0.543451077,23_light
20,12:15:14,11331.5,0,6.181653659,0.095713217,275.145208,20,18,183.3020477,816.1975708,222.8068848,690.6472778,240.33255,0.775419513,0.677394103,0.652018392,-2.614896522,0.87,0.92,9.798830032,0.874899415,0.025278626,0.962539222,0.211581166,0.181786415,397.741394,0.5,113.4458906,2.800717601,2.225274459,24.13705635,2,4.644859791,1,9.289719582,24.94346237,24.13705635,24.81387901,400.0723572,395.2243958,8.449811935,10.29352283,20.57921219,25.06950378,300.685791,397.741394,497.2138977,77.17926025,0.75,-1.355140209,7.355140209,1,0,0.159999996,111115,1.503428955,0.002800718,297.2870564,298.0934624,63.63862162,-0.193728421,3.019720936,39.12606737,28.83254454,24.54025936,3.093561529,0.094737127,0.794446478,2.299115051,0.059297633,21.23550361,0.696174657,25.21212201,394.3260659,0.003952379,632.8955231,347.983713,467.84039310000003,0.887590345,0.198374437,23_light
21,12:18:26,11523.5,0,2.933362937,0.091718934,328.5483881,21,19,183.3020477,816.1975708,235.2592773,754.2622681,225.6260681,0.775419513,0.688093535,0.700865233,-2.614896522,0.87,0.92,9.456456184,0.874728228,0.032026179,1.01856099,0.106612533,0.082113749,198.0516663,0.5,60.70943113,2.683115394,2.224112477,24.12142563,2,4.644859791,1,9.289719582,24.85635757,24.12142563,24.65613365,399.9425659,397.2825012,8.504171371,10.27046204,20.82242775,25.14718246,300.6932678,198.0516663,461.476532,77.19002533,1,-1.355140209,7.355140209,1,0,0.159999996,111115,1.503466339,0.002683115,297.2714256,298.0063576,31.68826589,-0.299107581,3.016889702,39.08393201,28.81346997,24.4888916,3.084067421,0.090822231,0.792777225,2.291290196,0.056843782,25.3606584,0.826989327,25.15167191,396.8562193,0.001859086,632.8955231,173.2413831,519.0029907,0.925872208,0.097860232,23_light
22,12:23:59,11841,0,-186.8745707,-0.089837037,-2716.027216,22,20,183.3020477,816.1975708,2.341552734,45.7955513,12.02770996,0.775419513,0.948869428,0.737360734,-2.614896522,0.87,0.92,0,0.87,-12.9451692,0.777093995,0.946607265,16.82263883,16.36075401,0.5,5.247743254,-3.066973814,2.549220751,24.3478241,2,4.644859791,1,9.289719582,22.58114433,24.3478241,21.87584305,399.9397888,525.3185425,8.620078087,6.593410015,24.20241928,18.51218605,300.6661072,16.36075401,485.2451782,77.18382263,0.25,-1.355140209,7.355140209,1,0,0.159999996,111115,1.503330536,-0.003066974,297.4978241,295.7311443,2.617720584,0.450810687,3.05812534,39.62132525,33.02791523,23.46448421,2.899975129,-0.090714297,0.508904589,2.391070539,-0.056616961,-209.6333629,-5.170248138,13.83603982,552.4755162,-0.046800336,632.8955231,14.23385599,43.45399857,-0.245572698,1.217265712,23_light
23,12:40:42,12859.5,0,-2.113713737,0.059454309,438.9202648,23,20,175.8538818,668.1755371,0,0,0,0.736814846,NA,NA,-2.38432604,0.87,0.92,0,0.87,0.132734401,NA,1,NA,16.36075401,0.5,NA,1.705888577,2.173699274,23.81722069,2,4.644859791,1,9.289719582,24.48251724,23.81722069,24.40008354,400.1624146,401.1132507,9.097576141,10.22068787,22.76754379,25.57823753,300.6741333,2.34339118,456.5145874,77.15225983,0.75,-1.355140209,7.355140209,1,0,0.159999996,111115,1.503370667,0.001705889,296.9672207,297.6325172,0.37494258,-0.257246649,2.96224844,38.394837,28.17414913,24.14986897,3.022043452,0.05907622,0.788549166,2.233494286,0.036956421,33.86369031,1.094255211,25.2700833,401.4204197,-0.001330618,492.3216553,2.038750327,0,0,1.357193067,23_light_redo/actual
24,12:48:17,13314.5,0,5.36673159,0.062909397,243.9224346,24,21,175.8538818,668.1755371,197.519043,550.0513916,225.7103882,0.736814846,0.640908021,0.589655818,-2.38432604,0.87,0.92,9.800261497,0.874900131,0.017675106,0.920031891,0.250977405,0.214751107,501.2339172,0.5,129.2907709,1.791004373,2.156133238,23.92339706,2,4.644859791,1,9.289719582,24.14715004,23.92339706,23.80011749,399.9053955,395.8641968,9.519066811,10.69758892,24.29845238,27.30675888,300.6893005,501.2339172,588.4918823,77.12835693,1,-1.355140209,7.355140209,1,0,0.159999996,111115,1.503446503,0.001791004,297.0733971,297.29715,80.19742497,0.014309168,2.981220694,38.65271883,27.95512991,24.03527355,3.001326354,0.062486244,0.825087457,2.176238897,0.039091701,18.8133366,0.616177054,26.34519605,395.084293,0.003578669,492.3216553,438.5296197,352.5323486,0.866764195,0.239932866,23_light_redo/actual
25,12:53:50,13647.5,0,6.337800175,0.067332287,229.4980936,25,22,175.8538818,668.1755371,186.3144531,485.7394409,215.7077484,0.736814846,0.616431285,0.555918811,-2.38432604,0.87,0.92,9.933041573,0.874966521,0.014282786,0.901834194,0.378607242,0.375584276,697.9398804,0.5,169.74259,1.908478236,2.148042556,24.00500107,2,4.644859791,1,9.289719582,24.14837646,24.00500107,23.79771233,400.0089111,395.2915344,9.732383728,10.98785877,24.85158157,28.05743027,300.6842957,697.9398804,459.1234741,77.16078186,1,-1.355140209,7.355140209,1,0,0.159999996,111115,1.503421478,0.001908478,297.1550011,297.2983765,111.6703784,0.111297304,2.99587433,38.82638638,27.83852761,24.07668877,3.008799217,0.066847772,0.847831774,2.160967443,0.041823119,17.70825234,0.580579328,26.99764455,394.3705131,0.004338704,492.3216553,610.6740288,299.4249878,0.871391662,0.37056281,23_light_redo/actual
26,12:56:29,13806.5,0,7.649324708,0.071434597,208.007408,26,23,175.8538818,668.1755371,168.2912598,348.7530212,205.2472076,0.736814846,0.517448597,0.411482639,-2.38432604,0.87,0.92,9.831116676,0.874915558,0.010422608,0.795214523,0.638992924,0.915898921,1100.313477,0.5,198.0633374,2.033354587,2.157994474,24.13605309,2,4.644859791,1,9.289719582,23.75958443,24.13605309,23.08687782,399.8917236,394.2710876,9.826210022,11.16346455,25.68912888,29.18517685,300.7139282,1100.313477,459.1483459,77.17538452,1,-1.355140209,7.355140209,1,0,0.159999996,111115,1.503569641,0.002033355,297.2860531,296.90958440000003,176.0501523,0.313770665,3.019539143,39.12567668,27.96221214,23.94781876,2.985599513,0.070889483,0.861544669,2.124054844,0.044354582,16.05305169,0.527574591,27.24838208,393.159473,0.005301455,492.3216553,962.6813797,180.4617615,0.829997269,0.648808584,23_light_redo/actual
27,12:59:11,13968.5,0,8.534897113,0.076794294,201.2589656,27,24,175.8538818,668.1755371,161.9836426,300.6818848,204.0000458,0.736814846,0.46127901,0.321541948,-2.38432604,0.87,0.92,9.816065788,0.874908033,0.008324923,0.697066073,0.725996715,1.222200841,1499.16394,0.5,210.872125,2.163955767,2.13755311,24.0947094,2,4.644859791,1,9.289719582,23.2498951,24.0947094,22.54345703,400.0955811,393.8516846,9.907838821,11.33088875,26.71205902,30.54867744,300.6832275,1499.16394,449.3626709,77.17865753,1,-1.355140209,7.355140209,1,0,0.159999996,111115,1.503416138,0.002163956,297.2447094,296.3998951,239.8662251,0.51547423,3.012055892,39.02705733,27.69616858,23.67230225,2.936523942,0.076164672,0.874502782,2.062021159,0.04765909,15.53289678,0.511001916,27.79726926,392.6113768,0.006042791,492.3216553,1311.630574,138.6982422,0.774520434,0.74645031,23_light_redo/actual
28,13:01:54,14131.5,0,8.946869804,0.082171453,204.4986677,28,25,175.8538818,668.1755371,160.7636719,278.2767639,204.63237,0.736814846,0.422288553,0.264644424,-2.38432604,0.87,0.92,9.951711655,0.874975856,0.007196717,0.626690972,0.76840689,1.401118684,1799.472778,0.5,208.3406922,2.307260827,2.131142609,24.13036537,2,4.644859791,1,9.289719582,23.20263481,24.13036537,22.54815865,400.1170654,393.5628662,9.979530334,11.49637604,26.98505783,31.08666801,300.7208557,1799.472778,449.494812,77.1865921,1,-1.355140209,7.355140209,1,0,0.159999996,111115,1.503604279,0.002307261,297.2803654,296.3526348,287.9156381,0.671333358,3.018508697,39.10664553,27.6102695,23.66650009,2.93549808,0.081450985,0.887366088,2.048131992,0.050971109,15.78455525,0.519608645,28.19988133,392.2626898,0.006431931,492.3216553,1574.495234,117.513092,0.719022863,0.791959421,23_light_redo/actual
29,13:04:33,14290.5,0,8.472693092,0.083125953,215.8016328,29,26,175.8538818,668.1755371,164.7924805,321.9248352,204.734024,0.736814846,0.488102618,0.364031595,-2.38432604,0.87,0.92,9.888362885,0.874944181,0.00955526,0.745809552,0.687847351,1.075563809,1298.636963,0.5,206.8126931,2.278503195,2.080974833,23.87391281,2,4.644859791,1,9.289719582,23.3225708,23.87391281,22.74583054,399.8291626,393.598114,10.05199623,11.54977894,26.98184395,31.00223351,300.736145,1298.636963,450.5551453,77.17814636,1,-1.355140209,7.355140209,1,0,0.159999996,111115,1.503680725,0.002278503,297.0239128,296.4725708,207.7819094,0.386279261,2.972365362,38.5130442,26.96326526,23.59824181,2.923453051,0.082388725,0.891390529,2.032062522,0.051558685,16.65517,0.548279133,28.82865763,392.3668459,0.006225204,492.3216553,1136.234854,157.1323547,0.802286892,0.703301791,23_light_redo/actual
30,13:07:07,14444.5,0,8.476128622,0.086092567,220.8571818,30,27,175.8538818,668.1755371,171.534668,365.7976685,209.5372162,0.736814846,0.531066809,0.427177278,-2.38432604,0.87,0.92,9.775107384,0.874887554,0.01242412,0.804375779,0.608846125,0.826626014,999.1487427,0.5,186.7069707,2.443211517,2.156141597,23.86035347,2,4.644859791,1,9.289719582,24.11804199,23.86035347,24.00521469,399.9734802,393.6960449,8.937506676,10.54540539,22.86652946,26.98032379,300.6964111,999.1487427,459.5948181,77.1711731,1,-1.355140209,7.355140209,1,0,0.159999996,111115,1.503482056,0.002443212,297.0103535,297.268042,159.8637953,0.210280882,2.969942902,38.48513354,27.93972815,23.98919773,2.993031617,0.08530203,0.813801305,2.179230312,0.053384234,17.04380781,0.560983999,26.26012282,392.4642775,0.005671451,492.3216553,874.1427993,194.2630005,0.822666827,0.614187626,23_light_redo/actual
31,13:09:53,14610.5,0,7.824683659,0.086940801,234.742176,31,28,175.8538818,668.1755371,178.8029785,430.1440735,215.3453064,0.736814846,0.584318396,0.499364702,-2.38432604,0.87,0.92,9.79664135,0.874898321,0.01460139,0.854610612,0.486401331,0.553376132,799.1564941,0.5,174.5730746,2.505933425,2.190002039,23.9606514,2,4.644859791,1,9.289719582,24.24473381,23.9606514,23.9552002,400.3843384,394.5226746,8.690306664,10.33974648,22.06490898,26.2528801,300.710907,799.1564941,492.9202271,77.16829681,1,-1.355140209,7.355140209,1,0,0.159999996,111115,1.503554535,0.002505933,297.1106514,297.3947338,127.8650362,0.078591615,2.987902664,38.71930297,28.3795565,24.1026926,3.013499596,0.086134682,0.797900625,2.215598971,0.053906025,18.11465391,0.595003003,25.55794339,393.3855764,0.005083634,492.3216553,699.1806747,251.341095,0.844699379,0.483487698,23_light_redo/actual
32,13:12:44,14781.5,0,5.439448088,0.085198558,277.112925,32,29,175.8538818,668.1755371,205.0751953,601.7608643,229.8348083,0.736814846,0.659208155,0.618062885,-2.38432604,0.87,0.92,9.68478775,0.874842394,0.022333795,0.937583798,0.143413137,0.110367219,400.4275513,0.5,108.2571129,2.436612059,2.172442614,23.90954208,2,4.644859791,1,9.289719582,24.62420464,23.90954208,24.46399117,399.8368225,395.5776978,8.845392227,10.4491539,21.95288086,25.9331665,300.6870117,400.4275513,495.9657898,77.16379547,1,-1.355140209,7.355140209,1,0,0.159999996,111115,1.503435059,0.002436612,297.0595421,297.7742046,64.06840677,-0.134821618,2.978738989,38.6028055,28.1536516,24.26687336,3.043324943,0.08442428,0.806296374,2.237028569,0.052834197,21.38308507,0.70052717,25.91414857,394.7872266,0.003570497,492.3216553,350.3109975,396.6856689,0.873256535,0.134900978,23_light_redo/actual
33,13:15:27,14944.5,0,2.866179221,0.084445589,326.1247164,33,30,175.8538818,668.1755371,214.5107422,673.8807983,214.4704895,0.736814846,0.681678506,0.681738239,-2.38432604,0.87,0.92,9.246973991,0.874623487,0.029828743,1.000087626,-0.01257594,-0.008466277,201.2542267,0.5,60.00035287,2.408853974,2.166104468,23.93811989,2,4.644859791,1,9.289719582,24.66620827,23.93811989,24.46024895,400.0383301,397.4950562,9.013981819,10.59921646,22.31190872,26.23576927,300.6901245,201.2542267,451.70648189999997,77.1524353,1,-1.355140209,7.355140209,1,0,0.159999996,111115,1.503450623,0.002408854,297.0881199,297.8162083,32.20067555,-0.25131569,2.98385983,38.67486254,28.07564608,24.30216408,3.049769504,0.083684875,0.817755362,2.232014142,0.052370865,25.16131608,0.820449742,26.24274858,397.0785374,0.001894245,492.3216553,176.0216735,459.3700562,0.922460802,-0.011588483,23_light_redo/actual
34,13:21:00,15277.5,0,-2.51410861,0.085463157,429.301905,34,31,175.8538818,668.1755371,208.0598145,799.5464478,189.8302917,0.736814846,0.739777701,0.762577531,-2.38432604,0.87,0.92,0,0.87,-0.035318168,1.030819839,-0.285517108,-0.16430679,4.223757267,0.5,1.401109939,2.42491672,2.154163865,23.95238304,2,4.644859791,1,9.289719582,25.01451683,23.95238304,24.92668915,399.8296509,400.8554382,9.193499565,10.78915691,22.2838726,26.15154266,300.6602783,4.223757267,494.4810791,77.13806152,0.75,-1.355140209,7.355140209,1,0,0.159999996,111115,1.503301392,0.002424917,297.102383,298.1645168,0.675801148,-0.359916376,2.986418515,38.71523935,27.92608244,24.48344994,3.083063152,0.084684084,0.83225465,2.250808502,0.052997,33.11551676,1.070964403,26.71148026,401.2207934,-0.001673781,492.3216553,3.674668822,591.4866333,0.977590867,-0.266839594,23_light_redo/actual
1,12:19:02,1690.50014,0,-0.808306201,0.024275796,434.7091744,1,0,172.6230011,289.342041,0,0,0,0.40339468,NA,NA,10.01158499,0.87,0.92,0,0.87,-245.0917674,NA,1,NA,0,0.5,NA,0.688816958,2.142246463,23.9363327,2,4.644859791,1,9.289719582,24.90400314,23.9363327,25.02004814,399.9573669,400.3122559,10.44155121,10.89556217,25.50151443,26.61035156,300.1301575,0.050742857,443.7258606,77.21427155,0.666666687,-1.355140209,7.355140209,1,0,0.159999996,111115,1.500650787,6.88817e-4,297.0863327,298.0540031,0.008118857,-0.074055784,2.98353936,38.63973978,27.7441776,24.42016792,3.07140532,0.024212524,0.841292896,2.230112424,0.0151385,33.56575223,1.08592522,26.56617488,400.4297205,-5.36264e-4,116.7190399,0.044146286,0,0,2.478961798,27_light
2,12:26:32,2141.00014,0,0.608754312,0.023875668,341.467717,2,1,172.6230011,289.342041,176.3837891,216.8798065,194.4667664,0.40339468,0.186721014,0.10334314,10.01158499,0.87,0.92,10.13120174,0.875065601,-0.021477036,0.553462823,0.641495714,0.334112408,500.315155,0.5,22.62225673,0.686976187,2.172036916,23.99409103,2,4.644859791,1,9.289719582,23.31854248,23.99409103,22.75442314,400.0330811,399.4446411,10.19279194,10.64564228,27.37521172,28.59144974,300.1710815,500.315155,469.6951599,77.20291901,1,-1.355140209,7.355140209,1,0,0.159999996,111115,1.500855408,6.86976e-4,297.144091,296.4685425,80.05042302,0.16102445,2.993911575,38.77977172,28.13412943,23.65631676,2.933698354,0.023814462,0.821874659,2.111823695,0.014889525,26.3623045,0.854856172,25.80392845,399.3561758,3.93339e-4,116.7190399,437.8085818,40.49601746,0.506431496,0.62082617,27_light
3,12:29:01,2290.00014,0,0.667543164,0.024242886,338.0048431,3,2,172.6230011,289.342041,175.1381836,215.2349396,194.5330353,0.40339468,0.186292969,0.096182824,10.01158499,0.87,0.92,9.923394203,0.874961697,-0.015252951,0.516298733,0.648901912,0.344307953,700.1512451,0.5,29.46106451,0.702550627,2.18731668,24.08379936,2,4.644859791,1,9.289719582,23.31401825,24.08379936,22.753795619999998,399.9234619,399.2917786,10.19482422,10.65793514,27.38627052,28.6303215,300.1712341,700.1512451,463.4445801,77.19761658,1,-1.355140209,7.355140209,1,0,0.159999996,111115,1.500856171,7.02551e-4,297.2337994,296.4640182,112.0241967,0.276486404,3.010083871,38.99192752,28.33399238,23.69890881,2.941232182,0.024179785,0.822767191,2.118464992,0.015118022,26.09316828,0.846510901,25.67779263,399.1947699,4.2939e-4,116.7190399,612.6055217,40.09675598,0.485824045,0.634918703,27_light
4,12:31:56,2465.00014,0,1.141223353,0.025690447,311.3298484,4,3,172.6230011,289.342041,177.0234375,213.0123749,195.4621277,0.40339468,0.168952332,0.08239074,10.01158499,0.87,0.92,10.05872726,0.875029364,-0.011285778,0.487656721,0.679581688,0.358334422,898.229248,0.5,32.37861197,0.745167941,2.189380192,24.10342026,2,4.644859791,1,9.289719582,23.08710861,24.10342026,22.44220924,400.0563965,399.0976563,10.18663883,10.67793941,27.74007988,29.07798195,300.1059265,898.229248,464.3102417,77.19195557,1,-1.355140209,7.355140209,1,0,0.159999996,111115,1.500529633,7.45168e-4,297.2534203,296.2371086,143.7166765,0.37981928,3.013631217,39.04074194,28.36280253,23.59526443,2.922928642,0.025619597,0.824251025,2.098677617,0.016018598,24.03215983,0.780084382,25.70416935,398.9318115,7.35319e-4,116.7190399,785.9769673,35.98893738,0.434526351,0.653960709,27_light
5,12:36:31,2740.50014,0,0.950339769,0.02826095,327.8465052,5,4,172.6230011,289.342041,175.6542969,209.1296082,194.4305573,0.40339468,0.160069689,0.0702868,10.01158499,0.87,0.92,10.00945568,0.875004728,-0.009430648,0.439101246,0.705550396,0.38355369,1098.084961,0.5,33.7668165,0.829745941,2.217321929,24.04996109,2,4.644859791,1,9.289719582,22.7657299,24.04996109,22.04888344,399.758606,398.9048462,9.644191742,10.19142342,26.77758026,28.29699707,300.1615906,1098.084961,302.8903503,77.18772125,1,-1.355140209,7.355140209,1,0,0.159999996,111115,1.500807953,8.29746e-4,297.1999611,295.9157299,175.6935898,0.476331936,3.003974679,38.91777903,28.72635561,23.4078455,2.890083371,0.028175236,0.78665275,2.103430621,0.017617204,25.30572466,0.821866438,24.55849807,398.766741,5.85277e-4,116.7190399,960.8295324,33.47531128,0.402640839,0.687226633,27_light
6,12:39:01,2890.50014,0,1.598586303,0.02909032,294.3361628,6,5,172.6230011,289.342041,174.3657227,203.400528,191.7690887,0.40339468,0.142746951,0.057184902,10.01158499,0.87,0.92,9.888569832,0.874944285,-0.006409536,0.400603313,0.74747143,0.42252355,1500.181519,0.5,37.52974325,0.855434532,2.220894127,24.07350922,2,4.644859791,1,9.289719582,22.45122147,24.07350922,21.6607132,400.1393127,398.8467407,9.63612175,10.20032787,27.27058411,28.86730766,300.1416626,1500.181519,467.2329102,77.18681335,1,-1.355140209,7.355140209,1,0,0.159999996,111115,1.500708313,8.55435e-4,297.2235092,295.6012215,240.0290376,0.703394202,3.00822493,38.97330126,28.77297339,23.26236534,2.864810889,0.02899951,0.787330804,2.077480085,0.018132831,22.71887046,0.737968078,24.54794379,398.6144311,9.8446e-4,116.7190399,1312.575246,29.0348053,0.377919878,0.736311001,27_light
7,12:41:55,3065.00014,0,1.70707979,0.033439445,300.1145612,7,6,172.6230011,289.342041,172.5651855,196.378006,189.5988312,0.40339468,0.121260119,0.034521049,10.01158499,0.87,0.92,9.921292305,0.874960646,-0.005276002,0.284685925,0.796082705,0.473393314,1798.954834,0.5,27.16831917,1.003738329,2.269765282,23.93578148,2,4.644859791,1,9.289719582,21.79406738,23.93578148,20.80257416,400.287323,398.8830872,8.582548141,9.245174408,25.28367615,27.23573303,300.1567078,1798.954834,466.3186646,77.1943512,1,-1.355140209,7.355140209,1,0,0.159999996,111115,1.500783539,0.001003738,297.0857815,294.9440674,287.832767,0.839198664,2.983440523,38.64843057,29.40325616,22.86492443,2.796751149,0.033319507,0.71367524,2.083075909,0.020835435,23.16714884,0.752387281,22.33424138,398.635011,9.56422e-4,116.7190399,1574.014684,23.81282043,0.285378801,0.796477037,27_light
8,12:44:40,3230.00014,0,1.331945584,0.032111103,315.3667635,8,7,172.6230011,289.342041,172.8945313,201.1971588,190.1321716,0.40339468,0.14067111,0.054995743,10.01158499,0.87,0.92,9.988874435,0.874994437,-0.007638381,0.390952648,0.756949482,0.438102023,1298.658813,0.5,31.24636022,0.954860184,2.24873172,23.79914093,2,4.644859791,1,9.289719582,22.89502144,23.79914093,22.65510941,400.1150513,398.9737244,8.570711136,9.201088905,23.61411858,25.35094261,300.1611023,1298.658813,454.0193787,77.19702148,1,-1.355140209,7.355140209,1,0,0.159999996,111115,1.500805511,9.5486e-4,296.9491409,296.0450214,207.7854055,0.594278366,2.959028378,38.33086201,29.12977311,23.34708118,2.879503918,0.03200049,0.710296658,2.16920726,0.020010215,24.34537482,0.790444945,22.42246606,398.7801635,7.48922e-4,116.7190399,1136.319238,28.30262756,0.387237562,0.755188547,27_light
9,12:47:26,3395.50014,0,1.126282729,0.031425228,324.3843316,9,8,172.6230011,289.342041,174.3383789,203.1365051,189.8447113,0.40339468,0.141767361,0.065432817,10.01158499,0.87,0.92,10.04622459,0.875023112,-0.010147087,0.461550648,0.749589485,0.424372448,1000.717041,0.5,28.64814089,0.945842351,2.275691848,23.94061661,2,4.644859791,1,9.289719582,23.31264114,23.94061661,22.9132328,400.3741455,399.3720398,8.554488182,9.178901672,22.98261642,24.66017342,300.1730652,1000.717041,444.6107788,77.20049286,1,-1.355140209,7.355140209,1,0,0.159999996,111115,1.500865326,9.45842e-4,297.0906166,296.4626411,160.114723,0.425387888,2.984307581,38.65658716,29.47768549,23.62662888,2.928457045,0.031319282,0.708615733,2.219841312,0.019584042,25.04263028,0.812235959,22.139569,399.2083662,6.24622e-4,116.7190399,875.6505398,28.79812622,0.435603653,0.738573038,27_light
10,12:50:09,3559.00014,0,0.725807221,0.031530931,344.6707158,10,9,172.6230011,289.342041,173.34375,205.2259369,189.7953949,0.40339468,0.155351645,0.075188069,10.01158499,0.87,0.92,10.00369072,0.875001845,-0.013261455,0.48398631,0.725149512,0.409870728,800.236084,0.5,26.32364575,0.94744523,2.272100298,23.91611481,2,4.644859791,1,9.289719582,23.35095215,23.91611481,22.91107178,400.2857666,399.5499268,8.542686462,9.168186188,22.89876938,24.57542801,300.1628418,800.236084,453.1810913,77.20346832,1,-1.355140209,7.355140209,1,0,0.159999996,111115,1.500814209,9.47445e-4,297.0661148,296.5009521,128.0377706,0.305257512,2.97991607,38.59821502,29.43002883,23.63353348,2.929675301,0.031424271,0.707815772,2.221859529,0.019649724,26.60977469,0.862647426,22.151526,399.4444511,4.02502e-4,116.7190399,700.2080502,31.88218689,0.473286887,0.720671659,27_light
11,12:52:39,3709.00014,0,0.054597071,0.031744524,378.2438572,11,10,172.6230011,289.342041,173.6452637,209.3994446,188.5385437,0.40339468,0.170746303,0.099622522,10.01158499,0.87,0.92,10.09447765,0.875047239,-0.028533615,0.583453469,0.690966493,0.381770814,398.7857971,0.5,17.38195894,0.947844577,2.257905834,23.83100319,2,4.644859791,1,9.289719582,24.08838463,23.83100319,24.22242165,399.9280396,399.6392517,8.529819489,9.155625343,21.87005424,23.47459221,300.1462708,398.7857971,441.5240784,77.19837189,1,-1.355140209,7.355140209,1,0,0.159999996,111115,1.500731354,9.47845e-4,296.9810032,297.2383846,63.80572611,0.095202812,2.964705205,38.40372708,29.24810173,23.95969391,2.987730764,0.031636417,0.70679937,2.280931394,0.019782445,29.19980995,0.94646323,22.25097739,399.6313176,3.0399e-5,116.7190399,348.9564107,35.75418091,0.567235407,0.684914788,27_light
12,12:55:09,3858.50014,0,-0.544026966,0.030693735,409.2173946,12,11,172.6230011,289.342041,194.8869629,231.9258575,178.4164886,0.40339468,0.159701445,0.23071756400000001,10.01158499,0.87,0.92,0,0.87,-546.2118977,1.444680501,0.607867619,0.247562665,0.022212785,0.5,0.002229323,0.919819882,2.265875742,23.85968399,2,4.644859791,1,9.289719582,24.78324699,23.85968399,25.07341957,400.1219177,400.2391052,8.511380196,9.118663788,20.93354797,22.42714691,300.1669617,0.022212785,439.5506592,77.19854736,1,-1.355140209,7.355140209,1,0,0.159999996,111115,1.500834808,9.1982e-4,297.009684,297.933247,0.003554045,-0.114955764,2.96982334,38.46993812,29.35127433,24.32146549,3.053299247,0.030592655,0.703947598,2.349351649,0.019129465,31.59098842,1.022432314,22.10105642,400.3181643,-3.0035e-4,116.7190399,0.019325123,37.03889465,0.902306771,0.491917887,27_light
13,13:03:59,4390.00014,0,-1.88404436,0.066466481,426.6364627,13,11,109.4071274,617.9698486,0,0,0,0.822957176,NA,NA,-1.770114241,0.87,0.92,0,0.87,0.383195399,NA,1,NA,0.022212785,0.5,NA,1.960519109,2.237520572,23.97266006,2,4.644859791,1,9.289719582,25.13333702,23.97266006,25.25949478,399.9144592,400.6464233,8.455647469,9.749183655,20.36450005,23.47984123,300.1702881,-0.341742516,430.6592407,77.18992615,0.333333343,-1.355140209,7.355140209,1,0,0.159999996,111115,1.50085144,0.001960519,297.1226601,298.283337,-0.054678801,-0.280138738,2.990059338,38.7363933,28.98720964,24.55299854,3.095920013,0.065994302,0.752538766,2.343381247,0.041288603,32.93203705,1.064870264,23.85362821,400.9202163,-0.001120954,508.5627213,-0.297315989,0,0,1.215130057,19_aCi
14,13:11:33,4843.50014,0,3.465799643,0.05507113,279.5683054,14,12,109.4071274,617.9698486,107.987793,231.539093,133.9421692,0.822957176,0.533608811,0.421513804,-1.770114241,0.87,0.92,10.13120174,0.875065601,0.011966588,0.789930367,0.757734025,1.668965489,500.0133057,0.5,92.21551141,1.654359219,2.276256726,24.07063103,2,4.644859791,1,9.289719582,23.95207787,24.07063103,23.4833889,399.864563,397.1173401,8.383246422,9.475188255,21.67032433,24.49294472,300.1412354,500.0133057,441.1291504,77.19618988,1,-1.355140209,7.355140209,1,0,0.159999996,111115,1.500706177,0.001654359,297.220631,297.1020779,80.00212712,0.021794844,3.007705158,38.96183429,29.48664603,24.01135445,2.997017844,0.054746583,0.731448432,2.265569413,0.034245625,21.58160799,0.703994203,22.89786005,396.6136834,0.002000924,508.5627213,437.5444438,123.5513,0.799110399,0.759848765,19_aCi
15,13:14:13,5003.50014,0,4.866056095,0.055543677,240.001791,15,13,109.4071274,617.9698486,108.0859375,235.7342377,134.9350281,0.822957176,0.541492409,0.427596817,-1.770114241,0.87,0.92,9.923394203,0.874961697,0.010846908,0.789663548,0.74965223,1.621468374,699.2340088,0.5,130.8025023,1.674199396,2.284070572,24.1181221,2,4.644859791,1,9.289719582,23.89764214,24.1181221,23.49065399,399.9987183,396.3142395,8.379652977,9.484630585,21.73331833,24.59916878,300.154541,699.2340088,433.6142273,77.20079803,1,-1.355140209,7.355140209,1,0,0.159999996,111115,1.500772705,0.001674199,297.2681221,297.0476421,111.8774389,0.135833614,3.016291622,39.07073112,29.58610053,24.00788212,2.996392829,0.055213553,0.73222105,2.264171779,0.034537979,18.52832979,0.605584577,22.85264947,395.6070948,0.002810927,508.5627213,611.802975,127.6483002,0.79792223,0.751599744,19_aCi
16,13:16:48,5158.50014,0,5.689934073,0.056822429,219.8058154,16,14,109.4071274,617.9698486,108.2890625,225.1350861,134.9149475,0.822957176,0.519004059,0.400737798,-1.770114241,0.87,0.92,10.0036602,0.87500183,0.009457696,0.772128446,0.770746658,1.74488468,901.461792,0.5,158.0471238,1.710465807,2.280673049,24.11449432,2,4.644859791,1,9.289719582,23.33315277,24.11449432,22.63166428,400.0056763,395.7630005,8.393797874,9.522742271,22.51691055,25.54537582,300.1347961,901.461792,438.8730164,77.17964935,1,-1.355140209,7.355140209,1,0,0.159999996,111115,1.500673981,0.001710466,297.2644943,296.4831528,144.2338835,0.229213558,3.015634959,39.07292899,29.55018672,23.72382355,2.945647026,0.056476976,0.734961909,2.210685117,0.035328985,16.96453576,0.555397587,22.95958116,394.9361283,0.003307839,508.5627213,788.7807178,116.8460236,0.779588092,0.772441129,19_aCi
17,13:19:33,5323.50014,0,6.356091966,0.059468709,208.5424542,17,15,109.4071274,617.9698486,103.8215332,212.248642,134.4430389,0.822957176,0.510849482,0.366577625,-1.770114241,0.87,0.92,9.964706421,0.874982353,0.00844246,0.717584411,0.789113169,1.91153735,1100.067993,0.5,176.4228284,1.785805081,2.275313725,24.11634636,2,4.644859791,1,9.289719582,23.19169617,24.11634636,22.48196602,399.7774048,395.0702209,8.419241905,9.598212242,22.77497673,25.96422005,300.0354614,1100.067993,444.4537659,77.16608429,1,-1.355140209,7.355140209,1,0,0.159999996,111115,1.500177307,0.001785805,297.2663464,296.3416962,176.010875,0.331783725,3.01597018,39.08414179,29.48592955,23.65402126,2.933292799,0.059090438,0.740656455,2.192636344,0.036965324,16.0924046,0.52786174,23.16749989,394.1465414,0.003736041,508.5627213,962.5400814,108.4271088,0.756558315,0.797780076,19_aCi
18,13:22:12,5482.50014,0,7.004433442,0.063747645,203.7258382,18,16,109.4071274,617.9698486,100.6467285,193.7656555,135.1407776,0.822957176,0.480574985,0.302555568,-1.770114241,0.87,0.92,9.856319427,0.87492816,0.006685058,0.629569947,0.81999852,2.189264098,1500.193115,0.5,198.5613498,1.893180197,2.251351518,24.02346039,2,4.644859791,1,9.289719582,22.16403008,24.02346039,21.09450912,400.0335388,394.8680725,8.442252159,9.691529274,24.30615425,27.90295982,300.146759,1500.193115,443.4834595,77.16493988,1,-1.355140209,7.355140209,1,0,0.159999996,111115,1.500733795,0.00189318,297.1734604,295.3140301,240.0308931,0.518524932,2.999197792,38.86736381,29.17583453,23.09374523,2.835760639,0.063313179,0.747846274,2.087914365,0.039609543,15.72049206,0.515933934,23.59131524,393.8501747,0.0041956,508.5627213,1312.561202,93.118927,0.694949037,0.83412365,19_aCi
19,13:24:46,5637.00014,0,7.889613534,0.069198341,196.807163,19,17,109.4071274,617.9698486,101.4753418,182.4971008,134.9498901,0.822957176,0.443961897,0.2605368,-1.770114241,0.87,0.92,9.894799232,0.8749474,0.006131998,0.586844957,0.843131422,2.386189949,1800.449585,0.5,205.211639,2.039585604,2.23537199,23.98919868,2,4.644859791,1,9.289719582,22.09760666,23.98919868,21.03595734,400.2168579,394.4237671,8.474222183,9.819906235,24.49414253,28.3837471,300.1532288,1800.449585,447.5620728,77.15550232,1,-1.355140209,7.355140209,1,0,0.159999996,111115,1.500766144,0.002039586,297.1391987,295.2476067,288.0719272,0.676087375,2.993031788,38.79220144,28.97229521,23.04340267,2.827137614,0.068686699,0.757659798,2.069477816,0.042974863,15.18475552,0.498973894,24.01955529,393.2772332,0.004818611,508.5627213,1575.298683,81.02175903,0.650529867,0.856281299,19_aCi
20,13:27:20,5791.00014,0,7.550644219,0.07079255,208.4517496,20,18,109.4071274,617.9698486,103.65625,210.9188385,136.0674744,0.822957176,0.508549114,0.354882308,-1.770114241,0.87,0.92,9.951142311,0.874975571,0.008197828,0.697832909,0.791445163,1.929894044,1299.440796,0.5,201.7468572,2.062634617,2.210728939,23.86988258,2,4.644859791,1,9.289719582,22.93707085,23.86988258,22.45735168,399.9359436,394.361969,8.499515533,9.86054039,23.34955406,27.08851242,300.1114807,1299.440796,451.5495605,77.1678009,1,-1.355140209,7.355140209,1,0,0.159999996,111115,1.500557404,0.002062635,297.0198826,296.0870708,207.9105227,0.406812552,2.971645157,38.50887445,28.64833406,23.40347672,2.889321606,0.070257153,0.760916218,2.128405388,0.043958511,16.08576311,0.528579747,24.33867868,393.2646948,0.004673003,508.5627213,1136.978953,107.2625885,0.737366786,0.800394903,19_aCi
21,13:29:53,5944.00014,0,7.794687223,0.072185153,206.0752871,21,19,109.4071274,617.9698486,104.9108887,245.9160919,139.179245,0.822957176,0.57338746,0.434037667,-1.770114241,0.87,0.92,9.9969196320000009,0.87499846,0.010909156,0.75697098,0.725167643,1.51292969,1002.022644,0.5,190.2752275,2.114008864,2.222193766,23.95814133,2,4.644859791,1,9.289719582,23.22158241,23.95814133,22.55887032,399.9013062,394.1519165,8.521715164,9.916457176,23.01190758,26.77824783,300.1336975,1002.022644,453.0151367,77.17053223,1,-1.355140209,7.355140209,1,0,0.159999996,111115,1.500668488,0.002114009,297.1081413,296.3715824,160.3236195,0.224680915,2.987452045,38.71234211,28.79588494,23.58986187,2.92197729,0.071628568,0.765258278,2.156719012,0.04481753,15.90293958,0.522832133,24.34990565,393.0191775,0.004829278,508.5627213,876.7682702,141.0052032,0.781903572,0.731578901,19_aCi
22,13:34:44,6235.00014,0,7.478746828,0.075288269,219.9724151,22,20,109.4071274,617.9698486,108.5119629,298.4805298,141.3675842,0.822957176,0.636452123,0.52637586,-1.770114241,0.87,0.92,10.00369072,0.875001845,0.013245606,0.827047064,0.62711625,1.070385794,798.0083618,0.5,183.7732853,2.175870786,2.194054427,23.84217644,2,4.644859791,1,9.289719582,23.33024216,23.84217644,22.85030365,399.8676758,394.3121338,8.575876236,10.01134777,23.0085392,26.859821320000002,300.1226196,798.0083618,442.5795898,77.17679596,1,-1.355140209,7.355140209,1,0,0.159999996,111115,1.500613098,0.002175871,296.9921764,296.4802422,127.681335,0.099202308,2.966698171,38.4402868,28.42893903,23.5862093,2.921334252,0.074683003,0.772643744,2.148690508,0.046730881,16.9767662,0.557863673,24.81708358,393.2253078,0.004719958,508.5627213,698.2587892,189.9685669,0.830962703,0.628220091,19_aCi
23,13:39:33,6524.00014,0,6.214938859,0.074862883,246.3237325,23,21,109.4071274,617.9698486,124.842041,419.8375549,147.3653259,0.822957176,0.702642035,0.648994417,-1.770114241,0.87,0.92,10.09447765,0.875047239,0.022928801,0.923648721,0.401786901,0.471926085,397.9833984,0.5,113.0075396,2.202976441,2.232718017,24.09937096,2,4.644859791,1,9.289719582,24.44348717,24.09937096,24.19333649,399.9986267,395.2769165,8.657587051,10.11074066,21.72029305,25.36598587,300.1338196,397.9833984,462.2358093,77.16356659,1,-1.355140209,7.355140209,1,0,0.159999996,111115,1.500669098,0.002202976,297.249371,297.5934872,63.67734233,-0.112988098,3.012898827,39.04561389,28.93487323,24.27142906,3.044156206,0.07426441,0.78018081,2.263975396,0.046468657,19.00721773,0.623167512,24.63476683,394.3737496,0.003882195,508.5627213,348.2542739,294.9955139,0.877723976,0.389592641,19_aCi
24,13:42:06,6677.00014,0,-1.302111533,0.072874942,410.0295419,24,22,109.4071274,617.9698486,117.6940918,493.9819641,113.850235,0.822957176,0.761744152,0.769525523,-1.770114241,0.87,0.92,0,0.87,-5.310010987,1.010215202,0.247839082,0.250996784,-0.101305656,0.5,-0.03391142,2.118640862,2.206170551,23.95143509,2,4.644859791,1,9.289719582,24.45505333,23.95143509,24.19235039,399.9176636,400.2203369,8.709887505,10.10748959,21.84051895,25.34508324,300.1178589,-0.101305656,447.8535156,77.17819977,1,-1.355140209,7.355140209,1,0,0.159999996,111115,1.500589294,0.002118641,297.1014351,297.6050533,-0.016208905,-0.33526023,2.986248401,38.69290046,28.58541087,24.20324421,3.031735482,0.07230771,0.78007785,2.251657631,0.045242941,31.64534189,1.024509511,24.86404041,400.4095623,-8.08566e-4,508.5627213,-0.088135921,376.2878723,0.988446702,0.243800576,19_aCi
1,11:18:59,1517.500161,0,0.718425646,0.004234375,116.5855073,1,0,138.0617218,555.9320679,0,0,0,0.751657208,NA,NA,0.605761296,0.87,0.92,0,0.87,0.101991803,NA,1,NA,0,0.5,NA,0.116687429,2.076045576,24.09281349,2,4.644859791,1,9.289719582,24.66869354,24.09281349,24.61357689,400.0467834,399.5384216,12.03164005,12.10823822,29.82479477,30.01468468,300.9851379,1.269702554,439.0873718,77.27528381,0.75,-1.355140209,7.355140209,1,0,0.159999996,111115,1.50492569,1.16687e-4,297.2428135,297.8186935,0.203152404,0.006372108,3.011713121,38.97382154,26.86558332,24.38075352,3.064163877,0.004232445,0.935667545,2.128496332,0.002645452,9.009178164,0.29180049,29.29309742,399.4340186,5.26868e-4,417.8703461,1.104641222,0,0,1.330393681,7_ACi
2,11:29:10,2121.500119,0,4.404609249,0.006027426,-763.5532949,2,1,138.0617218,555.9320679,148.6142578,308.9940796,174.7538147,0.751657208,0.519038494,0.434442838,0.605761296,0.87,0.92,9.968268394,0.874984134,0.006190559,0.837014678,0.606253844,0.799167378,701.3210449,0.5,133.2967915,0.188571621,2.354942339,25.16447067,2,4.644859791,1,9.289719582,25.0358448,25.16447067,24.96055412,400.1149597,397.1383057,10.95658398,11.08050251,26.56531525,26.86552238,300.9754028,701.3291626,457.3005981,77.25712585,1,-1.355140209,7.355140209,1,0,0.159999996,111115,1.504877014,1.88572e-4,298.3144707,298.1858448,112.2126635,0.409400614,3.210990116,41.56238121,30.4818787,25.10015774,3.198714052,0.006023518,0.856047777,2.342666275,0.00376505,-58.989933,-1.922638245,24.72617033,396.4982193,0.002746774,417.8703461,613.6518901,160.3798218,0.785341445,0.590944035,7_ACi
3,11:34:20,2432.500097,0,3.464997424,0.006278128,-578.7256457,3,2,138.0617218,555.9320679,146.418457,306.1029358,173.0451813,0.751657208,0.521669217,0.434683039,0.605761296,0.87,0.92,9.968268394,0.874984134,0.004660758,0.833254149,0.610063074,0.816160523,701.0730591,0.5,133.3233311,0.200297984,2.400526255,25.39401817,2,4.644859791,1,9.289719582,25.25064278,25.39401817,25.17001724,300.0153809,297.6730042,10.93192482,11.06356525,26.16473389,26.47974014,300.9439697,701.12146,453.5128479,77.24600983,0.75,-1.355140209,7.355140209,1,0,0.159999996,111115,1.504719849,2.00298e-4,298.5440182,298.4006428,112.1794311,0.406469206,3.255142525,42.13994396,31.0763787,25.32233047,3.241297115,0.006273888,0.85461627,2.386680844,0.00392156,-44.70424692,-1.944165704,24.29013199,297.169464,0.002832231,417.8703461,613.4701536,159.6844788,0.791816194,0.597862793,7_ACi
4,11:39:30,2743.000076,0,2.242077432,0.006273531,-369.2426938,4,3,138.0617218,555.9320679,146.5683594,297.2181091,172.0509338,0.751657208,0.506865985,0.421129034,0.605761296,0.87,0.92,9.968268394,0.874984134,0.002665292,0.830848876,0.631990461,0.870451533,701.7316284,0.5,129.2874645,0.200051214,2.399281376,25.37545013,2,4.644859791,1,9.289719582,25.32574272,25.37545013,25.25388336,200.0662384,198.5499115,10.90233421,11.03380775,25.97533607,26.28840637,300.9638062,701.652771,178.4584503,77.24169922,0.75,-1.355140209,7.355140209,1,0,0.159999996,111115,1.504819031,2.00051e-4,298.5254501,298.4757427,112.2644409,0.411144672,3.251551436,42.09580406,31.06199631,25.35059643,3.246750106,0.006269297,0.85227006,2.394480046,0.003918691,-28.5209331,-1.859697096,24.24865961,198.2240885,0.002742723,417.8703461,613.9350423,150.6497498,0.78644142,0.619124954,7_ACi
5,11:44:40,3053.500055,0,0.990901027,0.005771068,-173.5857283,5,4,138.0617218,555.9320679,144.7949219,284.9894714,171.1739349,0.751657208,0.491928873,0.399367513,0.605761296,0.87,0.92,10.03421497,0.875017107,6.30615e-4,0.811839953,0.659007825,0.950710898,697.9648438,0.5,121.953096,0.179214464,2.337684111,25.03311729,2,4.644859791,1,9.289719582,25.05410576,25.03311729,25.00160408,100.1101227,99.43978119,10.86334991,10.981138229999999,26.30665588,26.5916481,300.9576721,697.9707642,455.302948,77.24854279,1,-1.355140209,7.355140209,1,0,0.159999996,111115,1.504788361,1.79214e-4,298.1831173,298.2041058,111.6753198,0.415763516,3.185961037,41.24299207,30.26185384,25.04361153,3.187954403,0.005767486,0.848276926,2.339677477,0.003605,-13.40924456,-1.745636668,24.7049085,99.29578154,0.002465374,417.8703461,610.7363592,140.1945496,0.774636083,0.648389145,7_ACi
6,11:49:50,3364.000033,0,0.119863201,0.005625435,14.14838984,6,5,138.0617218,555.9320679,144.3007813,274.5617676,171.134552,0.751657208,0.474432356,0.376699263,0.605761296,0.87,0.92,10.03421497,0.875017107,-7.95436e-4,0.793999942,0.683549355,1.024797818,698.1610718,0.5,115.0633327,0.173721185,2.325187623,24.94873238,2,4.644859791,1,9.289719582,24.96042633,24.94873238,24.90862083,49.92490387,49.83950043,10.82069492,10.93487167,26.35271072,26.63088989,300.9747009,698.1089478,451.3243408,77.25597382,0.75,-1.355140209,7.355140209,1,0,0.159999996,111115,1.504873505,1.73721e-4,298.0987324,298.1104263,111.6974291,0.416411405,3.169971783,41.03206038,30.09718871,24.95457935,3.171077402,0.00562203,0.84478416,2.326293243,0.003514075,1.093047635,0.283879046,24.73841375,49.82208168,5.95163e-4,417.8703461,610.8572722,130.2609863,0.757708285,0.673343545,7_ACi
7,11:55:00,3674.500012,0,6.017379033,0.005037497,-1298.770136,7,6,138.0617218,555.9320679,149.104248,322.7229614,178.2628479,0.751657208,0.537980665,0.447628867,0.605761296,0.87,0.92,10.03421497,0.875017107,0.008857398,0.832053819,0.573237854,0.72262942,698.1654053,0.5,136.729731,0.155650811,2.326543143,24.90540314,2,4.644859791,1,9.289719582,24.91476631,24.90540314,24.85648537,600.0253296,595.9650879,10.70934963,10.81166267,26.15228653,26.40217972,300.9742737,698.239502,439.3187561,77.25415802,0.75,-1.355140209,7.355140209,1,0,0.159999996,111115,1.504871368,1.55651e-4,298.0554031,298.0647663,111.7183178,0.419582265,3.16178904,40.92710504,30.11544236,24.91008472,3.162672269,0.005034767,0.835245897,2.327426372,0.003146974,-100.3353933,-2.179272179,24.503713779999998,595.0906307,0.002477742,417.8703461,610.9715093,173.6187134,0.782297973,0.558089629,7_ACi
8,12:00:10,3984.99999,0,6.095430397,0.005052544,-1222.130272,8,7,138.0617218,555.9320679,153.8745117,351.9081421,182.959198,0.751657208,0.562742394,0.480093876,0.605761296,0.87,0.92,10.03421497,0.875017107,0.008977628,0.853132591,0.50744955,0.579764721,698.9298706,0.5,146.8068488,0.155950454,2.324976379,24.73633194,2,4.644859791,1,9.289719582,24.77383614,24.73633194,24.72280312,700.1471558,696.0245972,10.31865215,10.42120171,25.40999413,25.66308784,300.9769592,698.8243408,448.1221313,77.25210571,1,-1.355140209,7.355140209,1,0,0.159999996,111115,1.504884796,1.5595e-4,297.8863319,297.9238361,111.811892,0.421217136,3.130036155,40.51716295,30.09596124,24.75508404,3.133544148,0.005049798,0.805059776,2.328484372,0.00315637,-94.412137,-1.755872246,23.82061343,695.1387974,0.002088747,417.8703461,611.4832533,198.0336304,0.790048035,0.488246959,7_ACi
9,12:05:20,4295.499969,0,6.929027603,0.004124037,-1677.338878,9,8,138.0617218,555.9320679,156.6860352,394.2270203,192.5346832,0.751657208,0.602548717,0.511614696,0.605761296,0.87,0.92,10.03421497,0.875017107,0.010340331,0.849084367,0.40502606,0.410182558,698.8927612,0.5,156.4372243,0.127322235,2.325262854,24.70793724,2,4.644859791,1,9.289719582,24.73725128,24.70793724,24.68521309,999.7648926,995.0761108,10.26600647,10.34974098,25.3338089,25.54030037,300.9618835,698.8604736,454.102356,77.24521637,1,-1.355140209,7.355140209,1,0,0.159999996,111115,1.504809418,1.27322e-4,297.8579372,297.8872513,111.8176733,0.425919589,3.124730835,40.45209506,30.10235408,24.72259426,3.127468399,0.004122207,0.799467982,2.328000417,0.002576544,-129.5664046,-1.685638777,23.67959141,994.0691712,0.001650555,417.8703461,611.5148702,237.5409851,0.7873523,0.386974211,7_ACi
10,12:10:30,4605.999948,0,6.964766042,0.004123145,-1500.97644,10,9,138.0617218,555.9320679,161.0751953,420.6089478,197.8390808,0.751657208,0.61704287,0.529636538,0.605761296,0.87,0.92,10.03421497,0.875017107,0.01039883,0.858346419,0.342714359,0.321731434,698.9109497,0.5,161.9520057,0.12742114,2.327902193,24.689888,2,4.644859791,1,9.289719582,24.7063942,24.689888,24.6476593,1199.917847,1195.188477,10.1873703,10.27117348,25.18830299,25.39553261,300.9727783,698.8566895,454.4793091,77.25119019,1,-1.355140209,7.355140209,1,0,0.159999996,111115,1.504863892,1.27421e-4,297.839888,297.8563942,111.8170678,0.425319898,3.121362568,40.40536542,30.13419194,24.6981411,3.12290233,0.004121315,0.793460376,2.329441954,0.002575986,-115.9522164,-1.255849156,23.51542056,1194.176343,0.001371484,417.8703461,611.511559,259.5337524,0.788434097,0.323839969,7_ACi
11,12:15:40,4916.499926,0,6.664141599,0.004099598,-1115.733576,11,10,138.0617218,555.9320679,166.5473633,445.38797,202.5832062,0.751657208,0.626062277,0.545153395,0.605761296,0.87,0.92,10.03421497,0.875017107,0.009918519,0.870765441,0.283894299,0.248197314,698.2138672,0.5,166.5304821,0.128675756,2.364123029,24.84902382,2,4.644859791,1,9.289719582,24.814291,24.84902382,24.76012993,1500.244995,1495.688843,10.10279465,10.18742752,24.82118416,25.02929115,300.9820557,698.0606689,452.5115051,77.25663757,0.75,-1.355140209,7.355140209,1,0,0.159999996,111115,1.504910278,1.28676e-4,297.9990238,297.964291,111.6897045,0.422224104,3.151169425,40.78833255,30.60090502,24.83165741,3.147904572,0.00409779,0.787046396,2.360858176,0.002561281,-86.19782451,-0.74596637,23.04807991,1494.720397,0.001027588,417.8703461,610.8150274,278.8406067,0.790055406,0.264541619,7_ACi
1,10:35:58,5424.5,0,-2.183161683,0.038456868,471.7596088,1,0,72.35424805,292.4194336,0,0,0,0.752566896,NA,NA,-2.183161683,0.87,0.92,0,0.87,0,NA,1,NA,0,0.5,NA,1.154219463,2.270920567,23.99274445,2,4.644859791,1,9.289719582,24.45350075,23.99274445,24.42556953,400.5053406,401.6526489,8.597929001,9.360824585,21.57065392,23.48462105,299.7566223,0.828838408,339.2980042,77.20995331,0.75,-1.355140209,7.355140209,1,0,0.159999996,111115,1.498783112,0.001154219,297.1427444,297.6035007,0.132614142,-0.182151497,2.993669397,38.77310202,29.41227744,24.2231226,3.035351995,0.038298323,0.722748829,2.312603166,0.023950646,36.42453737,1.17454624,22.59234013,401.9699102,-0.001227025,220.0651855,0.721089415,0,0,1.328785527,1_ACi
2,10:43:28,5874,0,2.36441014,0.038555513,283.4887058,2,0,72.35424805,292.4194336,0,178.3986816,89.86132813,0.752566896,1,0.496289281,-2.183161683,0.87,0.92,10.12092686,0.875060463,0.007407584,0.496289281,0.389921937,0.639134499,701.5601196,0.5,152.3378618,1.154939076,2.267466025,23.88510132,2,4.644859791,1,9.289719582,23.1716938,23.88510132,22.87118721,400.2392883,398.355011,8.390576363,9.154008865,22.74163437,24.810825350000002,299.7951355,701.5601196,342.1408997,77.22294617,0.5,-1.355140209,7.355140209,1,0,0.159999996,111115,1.498975677,0.001154939,297.0351013,296.3216938,112.2496166,0.213122988,2.974365559,38.51660299,29.36259412,23.52839756,2.911172923,0.038396156,0.706899534,2.204273389,0.024011864,21.89183307,0.711648399,22.2277599,398.0114103,0.001320453,220.0651855,613.9075234,178.3986816,0.834908071,0.518122627,1_ACi
3,10:45:59,6025,0,1.484391973,0.03898653,225.3818227,3,0,72.35424805,292.4194336,0,172.7399902,88.75292969,0.752566896,1,0.486205079,-2.183161683,0.87,0.92,10.12092686,0.875060463,0.005972021,0.486205079,0.409273221,0.692829976,701.8059692,0.5,149.2947773,1.16811424,2.26819014,23.86666679,2,4.644859791,1,9.289719582,23.30716515,23.86666679,23.06581497,300.361084,299.1376038,8.329731941,9.101976395,22.39266586,24.46867371,299.7709045,701.8059692,337.9037781,77.22283936,0.5,-1.355140209,7.355140209,1,0,0.159999996,111115,1.498854523,0.001168114,297.0166668,296.4571651,112.2889526,0.217869832,2.971070601,38.47398809,29.37201169,23.58691597,2.921458652,0.038823597,0.702880461,2.218578192,0.024279334,17.40462428,0.753438618,22.12401915,298.921889,0.001098639,220.0651855,614.1226567,172.7399902,0.836643319,0.543836332,1_ACi
4,10:48:40,6186,0,0.372662752,0.038899964,175.6406569,4,0,72.35424805,292.4194336,0,160.6035156,86.11914063,0.752566896,1,0.463777986,-2.183161683,0.87,0.92,10.12092686,0.875060463,0.004162014,0.463777986,0.450776873,0.820753627,701.7612915,0.5,142.3992185,1.171052214,2.278733535,23.89253807,2,4.644859791,1,9.289719582,23.45723724,23.89253807,23.26039886,200.5102997,200.1053314,8.251952171,9.026187897,21.98148727,24.04389191,299.7748718,701.7612915,338.9933472,77.21556091,0.5,-1.355140209,7.355140209,1,0,0.159999996,111115,1.498874359,0.001171052,297.0425381,296.6072372,112.2818041,0.222895833,2.975695696,38.53751318,29.51132528,23.67488766,2.936981161,0.038737753,0.696962161,2.240019,0.024225617,13.56219184,0.877741016,21.88339282,200.0511753,4.07652e-4,220.0651855,614.083561,160.6035156,0.844022586,0.598985785,1_ACi
5,10:51:11,6337,0,-0.909198018,0.039054671,132.8346325,5,0,72.35424805,292.4194336,0,148.6872559,84.95458984,0.752566896,1,0.4286357,-2.183161683,0.87,0.92,10.12092686,0.875060463,0.002076585,0.4286357,0.491527447,0.966674493,701.0828247,0.5,131.4818282,1.189841526,2.305643824,24.02983093,2,4.644859791,1,9.289719582,23.36338425,24.02983093,23.06561852,100.650116,101.1763763,8.210917473,8.997582436,21.994754790000002,24.10201073,299.7809448,701.0828247,342.5027161,77.20981598,0.75,-1.355140209,7.355140209,1,0,0.159999996,111115,1.498904724,0.001189842,297.1798309,296.5133842,112.1732494,0.208710319,3.000345508,38.85963812,29.86205568,23.69660759,2.940824703,0.03889117,0.694701684,2.246123019,0.024321618,10.25613753,1.312901661,21.59976095,101.3085028,-0.001938481,220.0651855,613.4898615,148.6872559,0.834929316,0.653134558,1_ACi
6,10:54:11,6517,0,-1.406533064,0.038953144,105.767976,6,0,72.35424805,292.4194336,0,141.295166,86.21337891,0.752566896,1,0.389834901,-2.183161683,0.87,0.92,10.12092686,0.875060463,0.001266866,0.389834901,0.516806512,1.069564316,700.5587158,0.5,119.4904854,1.177382913,2.287686452,23.92459297,2,4.644859791,1,9.289719582,22.41370201,23.92459297,21.69857979,50.70837021,51.60626602,8.206896782,8.985384941,23.28541183,25.4942131,299.7614441,700.5587158,350.5720215,77.2085495,0.5,-1.355140209,7.355140209,1,0,0.159999996,111115,1.49880722,0.001177383,297.074593,295.563702,112.089392,0.172877349,2.98143499,38.61534778,29.62996284,23.16914749,2.8487191,0.03879049,0.693748538,2.154970562,0.024258617,8.166192012,2.049518095,21.72640815,51.81066612,-0.005898189,220.0651855,613.0312345,141.295166,0.798970898,0.686725014,1_ACi
7,10:56:56,6682,0,4.608500428,0.039459723,384.9467973,7,0,72.35424805,292.4194336,0,182.7873535,91.26977539,0.752566896,1,0.500677844,-2.183161683,0.87,0.92,10.12092686,0.875060463,0.011082145,0.500677844,0.374913797,0.59977935,700.3484497,0.5,153.4195172,1.187274233,2.277474888,23.87084007,2,4.644859791,1,9.289719582,22.55226898,23.87084007,22.08634567,599.7399902,596.1929321,8.208328247,8.993351936,23.09345818,25.30205917,299.7608032,700.3484497,350.5129089,77.20606995,0.5,-1.355140209,7.355140209,1,0,0.159999996,111115,1.498804016,0.001187274,297.0208401,295.702269,112.0557494,0.179600955,2.971816247,38.49200262,29.49865069,23.21155453,2.856029811,0.03929282,0.694341359,2.161688452,0.024572953,29.72022936,0.645674876,21.83244923,595.5232159,0.00168952,220.0651855,612.847239,182.7873535,0.828715065,0.498180027,1_ACi
8,10:59:28,6834,0,4.651119571,0.039552247,478.1436821,8,0,72.35424805,292.4194336,0,199.9865723,94.7277832,0.752566896,1,0.526329282,-2.183161683,0.87,0.92,10.12092686,0.875060463,0.011147137,0.526329282,0.316096848,0.462195338,700.6343994,0.5,161.3455737,1.189533325,2.276249946,23.87310791,2,4.644859791,1,9.289719582,22.56993675,23.87310791,22.08794022,698.9718018,695.3168945,8.228821754,9.015288353,23.12418175,25.33426857,299.7735291,700.6343994,348.5761414,77.19903564,1,-1.355140209,7.355140209,1,0,0.159999996,111115,1.498867645,0.001189533,297.0231079,295.7199368,112.1015014,0.180070254,2.972221513,38.50075961,29.48547126,23.22152233,2.857750579,0.039384562,0.695971567,2.1617790120000002,0.024630362,36.91223116,0.687662972,21.88469097,694.6409848,0.001465337,220.0651855,613.0974622,199.9865723,0.824703222,0.420024917,1_ACi
9,11:01:59,6985,0,7.462222278,0.039442296,651.1564562,9,0,72.35424805,292.4194336,0,218.3486328,98.90136719,0.752566896,1,0.547048379,-2.183161683,0.87,0.92,10.12092686,0.875060463,0.015729383,0.547048379,0.253303277,0.339231805,700.7607422,0.5,167.7272266,1.201556819,2.305064431,24.03948784,2,4.644859791,1,9.289719582,23.02798653,24.03948784,22.67332458,1001.012268,995.2363892,8.234949112,9.02928257,22.50671387,24.67768478,299.8004456,700.7607422,347.2689209,77.19567871,0.5,-1.355140209,7.355140209,1,0,0.159999996,111115,1.499002228,0.001201557,297.1894878,296.1779865,112.1217162,0.19095811,3.002086028,38.88930155,29.86001898,23.53373718,2.912110149,0.03927554,0.697021596,2.215088552,0.02456214,50.26646458,0.654273159,21.66569753,994.1519646,0.001626253,220.0651855,613.2080198,218.3486328,0.818163423,0.336585728,1_ACi
10,11:04:44,7150,0,7.791697361,0.039714119,830.0879925,10,0,72.35424805,292.4194336,0,227.0991211,99.32714844,0.752566896,1,0.562626452,-2.183161683,0.87,0.92,10.12092686,0.875060463,0.016265712,0.562626452,0.223378835,0.287629085,700.8024902,0.5,172.5138031,1.194262458,2.27587247,23.8690052,2,4.644859791,1,9.289719582,22.69211578,23.8690052,22.27935219,1200.170898,1194.021118,8.22173214,9.011331558,22.93190384,25.1342411,299.7723999,700.8024902,241.2551422,77.19346619,0.5,-1.355140209,7.355140209,1,0,0.159999996,111115,1.498862,0.001194262,297.0190052,295.8421158,112.1283959,0.18497812,2.971488388,38.49404017,29.48270861,23.28056049,2.867961095,0.039545061,0.695615918,2.172345178,0.024730797,64.07736938,0.695203778,21.88015825,1192.888814,0.001429166,220.0651855,613.2445519,227.0991211,0.825694384,0.296822563,1_ACi
11,11:07:17,7303,0,9.68757699,0.03928569,1035.735938,11,0,72.35424805,292.4194336,0,231.8630371,100.5991211,0.752566896,1,0.566126959,-2.183161683,0.87,0.92,10.12092686,0.875060463,0.019347676,0.566126959,0.207087456,0.261173136,701.1499023,0.5,173.6731897,1.180808467,2.274582324,23.86335754,2,4.644859791,1,9.289719582,22.95287514,23.86335754,22.6719532,1500.37146,1492.732056,8.23463726,9.015352249,22.60682106,24.75014305,299.7670288,701.1499023,350.2156372,77.19023132,0.5,-1.355140209,7.355140209,1,0,0.159999996,111115,1.498835144,0.001180808,297.0133575,296.1028751,112.1839819,0.199480523,2.970479449,38.48258256,29.46723031,23.40811634,2.890130603,0.039120252,0.695897126,2.194233477,0.024464968,79.94869667,0.693852547,21.89463476,1491.324238,0.001422266,220.0651855,613.5485585,231.8630371,0.822925914,0.275174814,1_ACi
12,11:10:19,7485.5,0,11.83533923,0.039007431,1420.683199,12,0,72.35424805,292.4194336,0,229.5549316,98.37573242,0.752566896,1,0.571450146,-2.183161683,0.87,0.92,10.12092686,0.875060463,0.022842414,0.571450146,0.214980589,0.273853851,701.3285522,0.5,175.3508739,1.176914724,2.283211586,23.91397095,2,4.644859791,1,9.289719582,23.16353226,23.91397095,22.86907959,1999.980225,1990.521606,8.242108345,9.020184517,22.3424015,24.45158195,299.7903748,701.3285522,351.96429439999997,77.19581604,0.5,-1.355140209,7.355140209,1,0,0.159999996,111115,1.498951874,0.001176915,297.0639709,296.3135323,112.2125659,0.207426101,2.979532091,38.59706709,29.57688257,23.5387516,2.912990534,0.038844324,0.696320505,2.21667003,0.024292304,109.6707989,0.713724078,21.82941778,1988.801672,0.001299067,220.0651855,613.7048879,229.5549316,0.834469649,0.285663095,1_ACi
13,11:25:57,8423.5,0,9.700410158,0.108270533,233.3448429,13,0,250.5830078,867.0209961,0,0,0,0.710983922,NA,NA,9.700410158,0.87,0.92,0,0.87,0,NA,1,NA,701.3285522,0.5,NA,3.00766119,2.117467113,23.56301689,2,4.644859791,1,9.289719582,26.78786087,23.56301689,27.35464287,399.4249268,392.165741,8.3732481,10.35920143,18.28842545,22.62604332,299.7557068,1.094707489,424.293457,77.20546722,0.75,-1.355140209,7.355140209,1,0,0.159999996,111115,1.498778534,0.003007661,296.7130169,299.9378609,0.175153194,-0.382259922,2.917254099,37.7855896,27.42638817,25.17543888,3.213087834,0.107023191,0.799786987,2.413300847,0.067000453,18.01549762,0.595015879,26.48221168,390.7560586,0.006574135,616.4379883,0.952395515,0,0,1.406501566,18_ACi
14,11:33:29,8875,0,8.339187942,0.107451785,253.4142437,14,0,250.5830078,867.0209961,0,637.7353516,318.8735352,0.710983922,1,0.499990812,9.700410158,0.87,0.92,10.18026161,0.875090131,-0.002227836,0.499990812,0.26445224,0.359531025,698.2211914,0.5,152.7488115,3.087339426,2.188677519,23.94123268,2,4.644859791,1,9.289719582,25.14835167,23.94123268,25.20690155,400.2171021,393.8430176,8.2700557709999991,10.30834675,19.9007206,24.80558205,299.8113708,698.2211914,429.9714661,77.19380951,0.5,-1.355140209,7.355140209,1,0,0.159999996,111115,1.499056854,0.003087339,297.0912327,298.2983517,111.7153881,-0.042843665,2.984418074,38.66136538,28.35301863,24.54479218,3.094400537,0.106223129,0.795740555,2.298659982,0.06649876,19.56201085,0.643439727,25.68207803,392.6311507,0.005454679,616.4379883,611.0064737,637.7353516,0.823608126,0.37195249,18_ACi
15,11:36:01,9027,0,6.001196267,0.110540655,196.3872606,15,0,250.5830078,867.0209961,0,617.7915039,312.3496094,0.710983922,1,0.494409348,9.700410158,0.87,0.92,10.18026161,0.875090131,-0.006056394,0.494409348,0.287454967,0.403420071,697.979248,0.5,150.9913174,3.194690789,2.202146053,24.03170013,2,4.644859791,1,9.289719582,25.35287094,24.03170013,25.40341568,300.261261,295.6269836,8.234103203,10.34362221,19.57630539,24.59161568,299.7504272,697.979248,304.3135071,77.20083618,0.75,-1.355140209,7.355140209,1,0,0.159999996,111115,1.498752136,0.003194691,297.1817001,298.5028709,111.6766772,-0.056654544,3.000682336,38.86852118,28.52489897,24.69228554,3.121809803,0.109240772,0.798536284,2.323273519,0.068391091,15.16126073,0.664307629,25.64523977,294.7548782,0.005221359,616.4379883,610.7947515,617.7915039,0.831794193,0.404305862,18_ACi
16,11:38:45,9191,0,3.29238581,0.1150086,143.0731012,16,0,250.5830078,867.0209961,0,582.7961426,300.9963379,0.710983922,1,0.483530662,9.700410158,0.87,0.92,10.12092686,0.875060463,-0.010432552,0.483530662,0.327817729,0.487691721,701.9328003,0.5,148.5003997,3.241292882,2.149248896,23.73560333,2,4.644859791,1,9.289719582,24.35420227,23.73560333,24.2231636,199.73660280000001,197.1136322,8.202749252,10.3429842,20.69952774,26.10038185,299.7585144,701.9328003,437.6330566,77.20088196,0.5,-1.355140209,7.355140209,1,0,0.159999996,111115,1.498792572,0.003241293,296.8856033,297.5042023,112.3092455,-0.094529562,2.947736398,38.18267776,27.83969356,24.0449028,3.003062383,0.113602182,0.798487502,2.204574881,0.071126396,11.04536959,0.725840722,26.18891729,196.6351763,0.004384974,616.4379883,614.2336415,582.7961426,0.84825004,0.461076149,18_ACi
17,11:41:18,9344,0,0.137810497,0.118510952,94.69200639,17,0,250.5830078,867.0209961,0,527.0290527,287.8293457,0.710983922,1,0.453864366,9.700410158,0.87,0.92,10.12092686,0.875060463,-0.015574457,0.453864366,0.392138074,0.645110439,701.6572266,0.5,139.334658,3.360058393,2.162687925,23.84137726,2,4.644859791,1,9.289719582,24.96576118,23.84137726,25.01212311,101.3799286,101.0614395,8.193984032,10.41232777,19.93587875,25.33308601,299.7797241,701.6572266,433.2613525,77.20345306,0.75,-1.355140209,7.355140209,1,0,0.159999996,111115,1.498898621,0.003360058,296.9913773,298.1157612,112.2651537,-0.092582533,2.966555583,38.42516708,28.01283931,24.40356922,3.068353889,0.117018127,0.803867658,2.264486231,0.073269001,7.310549871,0.936974645,26.21423683,101.0414126,3.57536e-4,616.4379883,613.9924978,527.0290527,0.865267243,0.551542815,18_ACi
18,11:43:50,9496,0,-2.030366017,0.12255026,74.81482068,18,0,250.5830078,867.0209961,0,491.517334,278.7263184,0.710983922,1,0.432926778,9.700410158,0.87,0.92,10.12092686,0.875060463,-0.019113655,0.432926778,0.433096388,0.7639683,701.366394,0.5,132.8518078,3.542692937,2.20507298,24.13323975,2,4.644859791,1,9.289719582,25.4164257,24.13323975,25.40442848,49.71418762,50.94851685,8.204246521,10.54319096,19.43208313,24.97196579,299.7370605,701.366394,437.77771,77.20209503,0.5,-1.355140209,7.355140209,1,0,0.159999996,111115,1.498685303,0.003542693,297.2832397,298.5664257,112.2186205,-0.117536651,3.01902941,39.10553734,28.56234639,24.77483273,3.137242289,0.120954623,0.81395643,2.323285859,0.075738396,5.775860896,1.468439619,26.07675602,51.24357356,-0.010332097,616.4379883,613.7380018,491.517334,0.883190947,0.609150749,18_ACi
19,11:46:28,9654,0,14.1137857,0.12777532,386.6562728,19,0,250.5830078,867.0209961,0,658.2941895,326.609375,0.710983922,1,0.503854993,9.700410158,0.87,0.92,10.12092686,0.875060463,0.007194122,0.503854993,0.240740198,0.31707223,701.0597534,0.5,154.5498789,3.638673955,2.173026039,23.99216652,2,4.644859791,1,9.289719582,24.70708084,23.99216652,24.42643547,598.7783203,587.9345703,8.229729652,10.63157368,20.32811546,26.26086998,299.7687683,701.0597534,446.8644409,77.17948914,0.75,-1.355140209,7.355140209,1,0,0.159999996,111115,1.498843842,0.003638674,297.1421665,297.8570808,112.169558,-0.160704186,2.993565464,38.78705985,28.15548617,24.34962368,3.058455076,0.126041681,0.820539425,2.237915651,0.078929994,29.8419336,0.657651875,26.58085782,585.8835277,0.006403261,616.4379883,613.4696727,658.2941895,0.813528864,0.338601466,18_ACi
20,11:49:10,9816,0,15.5979297,0.132143563,469.236608,20,0,250.5830078,867.0209961,0,692.6447754,328.8330078,0.710983922,1,0.525250143,9.700410158,0.87,0.92,10.12092686,0.875060463,0.009617941,0.525250143,0.201121105,0.251754185,700.7276001,0.5,161.0361837,3.761590881,2.172671999,24.03624916,2,4.644859791,1,9.289719582,25.01254845,24.03624916,24.81471252,699.1791382,687.0498657,8.2579422,10.74031544,20.0268383,26.04699516,299.809082,700.7276001,449.5733032,77.1700058,0.5,-1.355140209,7.355140209,1,0,0.159999996,111115,1.49904541,0.003761591,297.1862492,298.1625484,112.1164135,-0.170652568,3.001502204,38.89467381,28.15435838,24.5243988,3.09062736,0.130290223,0.828830205,2.261797155,0.081595896,36.21099176,0.682973146,26.81275282,684.7831444,0.006107385,616.4379883,613.1790185,692.6447754,0.822988537,0.282877149,18_ACi
21,11:51:52,9978,0,19.16256094,0.134315819,715.042114,21,0,250.5830078,867.0209961,0,701.1918945,325.5778809,0.710983922,1,0.535679343,9.700410158,0.87,0.92,10.12092686,0.875060463,0.015428248,0.535679343,0.191263075,0.236496033,700.866333,0.5,164.2661827,3.834383509,2.17917307,24.09626389,2,4.644859791,1,9.289719582,25.19465065,24.09626389,25.00787544,1000.759338,985.4535522,8.265925407,10.7965126,19.82983398,25.90067673,299.7711792,700.866333,448.0369873,77.16972351,0.75,-1.355140209,7.355140209,1,0,0.159999996,111115,1.498855896,0.003834384,297.2462639,298.3446507,112.1386108,-0.177786158,3.012336963,39.03521777,28.23870517,24.64545727,3.113084624,0.132401486,0.833163893,2.279920731,0.082920816,55.17960224,0.725596972,26.86727128,982.6688119,0.00523926,616.4379883,613.3004182,701.1918945,0.83356992,0.269011814,18_ACi
22,11:54:24,10130,0,20.979569,0.133021277,879.7456121,22,0,250.5830078,867.0209961,0,706.7055664,320.9550781,0.710983922,1,0.545843286,9.700410158,0.87,0.92,10.12092686,0.875060463,0.018390029,0.545843286,0.184903746,0.22684897,700.9002686,0.5,167.3910622,3.803511816,2.182165858,24.10642624,2,4.644859791,1,9.289719582,25.20607376,24.10642624,25.00691986,1199.944946,1182.946777,8.272320747,10.78245926,19.83001137,25.84719658,299.7843018,700.9002686,455.4324951,77.16320801,0.5,-1.355140209,7.355140209,1,0,0.159999996,111115,1.498921509,0.003803512,297.2564262,298.3560738,112.1440405,-0.172256436,3.014175004,39.06233401,28.27987475,24.65625,3.115093665,0.131143409,0.832009147,2.283084518,0.082131302,67.88399366,0.743689935,26.800946,1179.897986,0.004765431,616.4379883,613.3301138,706.7055664,0.845716751,0.260067408,18_ACi
23,11:57:13,10299,0,22.79120551,0.130059913,1137.582342,23,0,250.5830078,867.0209961,0,705.0007324,320.9155273,0.710983922,1,0.544801143,9.700410158,0.87,0.92,10.12092686,0.875060463,0.021335257,0.544801143,0.186870058,0.229815738,701.1809082,0.5,167.1383688,3.669024401,2.153114481,23.91049194,2,4.644859791,1,9.289719582,24.55410004,23.91049194,24.22958183,1499.961304,1481.129517,8.278911591,10.70065498,20.63557434,26.67188454,299.7644958,701.1809082,463.1964417,77.17234039,0.5,-1.355140209,7.355140209,1,0,0.159999996,111115,1.498822479,0.003669024,297.0604919,297.7041,112.1889428,-0.16925584,2.97890907,38.60073512,27.90008013,24.23229599,3.0370222,0.128264162,0.825794589,2.211227611,0.080324527,87.78989171,0.768050551,26.91780811,1477.817455,0.00415132,616.4379883,613.5756905,705.0007324,0.845224964,0.262833029,18_ACi
24,12:00:25,10491,0,25.6239486,0.12678941,1570.241064,24,0,250.5830078,867.0209961,0,703.8310547,318.46875,0.710983922,1,0.547521031,9.700410158,0.87,0.92,10.12092686,0.875060463,0.025949743,0.547521031,0.188219134,0.231859535,701.2428589,0.5,167.987638,3.573222254,2.150468496,23.87201881,2,4.644859791,1,9.289719582,24.74269104,23.87201881,24.62098694,2000.131348,1978.317871,8.286651611,10.64540863,20.42400169,26.23759842,299.7497253,701.2428589,455.7406311,77.17490387,0.75,-1.355140209,7.355140209,1,0,0.159999996,111115,1.4987486270000001,0.003573222,297.0220188,297.892691,112.1988549,-0.142000614,2.972026884,38.51027646,27.86486783,24.30735493,3.050718429,0.125082243,0.821558388,2.229160041,0.078328008,121.1832032,0.79372536,26.81865054,1974.594149,0.003480207,616.4379883,613.6299011,703.8310547,0.850223862,0.264730507,18_ACi
25,12:38:09,12755.5,0,11.50063575,0.050594676,16.05011312,25,0,111.267334,484.6049805,0,0,0,0.77039581,NA,NA,11.50063575,0.87,0.92,0,0.87,0,NA,1,NA,701.2428589,0.5,NA,1.511481358,2.260752313,23.98879051,2,4.644859791,1,9.289719582,24.42685318,23.98879051,24.424999239999998,399.2875366,391.2198181,8.494492531,9.493374825,21.32254982,23.82990646,299.7615051,0.943970859,472.6776428,77.12811279,0.75,-1.355140209,7.355140209,1,0,0.159999996,111115,1.498807526,0.001511481,297.1387905,297.5768532,0.151035334,-0.246117827,2.992958397,38.80502568,29.31165085,24.20782185,3.032567966,0.050320615,0.732206084,2.300361882,0.031474893,1.237914935,0.041025818,23.0143116,389.5485235,0.006794512,373.3376465,0.821254647,0,0,1.298034059,34_ACi
26,12:45:47,13213.5,0,4.308039449,0.049819902,242.547186,26,0,111.267334,484.6049805,0,302.371582,144.3894043,0.77039581,1,0.522476936,11.50063575,0.87,0.92,10.18026161,0.875090131,-0.011773478,0.522476936,0.376045245,0.602680309,698.1168823,0.5,159.5945493,1.480251239,2.24843352,23.89411163,2,4.644859791,1,9.289719582,22.97032547,23.89411163,22.67204857,400.0713501,396.8050842,8.455323219,9.433644295,23.16773987,25.84835815,299.7557983,698.1168823,482.6467896,77.12223053,0.75,-1.355140209,7.355140209,1,0,0.159999996,111115,1.498778992,0.001480251,297.0441116,296.1203255,111.6986987,0.144115554,2.975977211,38.58780004,29.15415575,23.43221855,2.894336418,0.049554148,0.72754369,2.166792728,0.030995109,18.70577999,0.611250197,23.00145019,396.1790316,0.002501171,373.3376465,610.9151939,302.371582,0.826680617,0.488119535,34_ACi
27,12:48:19,13365.5,0,2.67922294,0.050639368,200.898244,27,0,111.267334,484.6049805,0,282.8015137,135.3376465,0.77039581,1,0.521439455,11.50063575,0.87,0.92,10.18026161,0.875090131,-0.014445731,0.521439455,0.416428792,0.71358694,697.8239136,0.5,159.2108011,1.523100468,2.275359428,24.04463005,2,4.644859791,1,9.289719582,23.28965569,24.04463005,23.06417084,300.0971375,298.0066528,8.430483818,9.437139511,22.65296555,25.35788155,299.7503052,697.8239136,513.1916504,77.10533142,0.75,-1.355140209,7.355140209,1,0,0.159999996,111115,1.498751526,0.0015231,297.1946301,296.4396557,111.6518237,0.143869839,3.003013198,38.94689437,29.50975485,23.66714287,2.935611712,0.050364824,0.72765377,2.207957943,0.031502566,15.49032568,0.674140131,22.77330654,297.617303,0.002050108,373.3376465,610.6588198,282.8015137,0.85967629,0.540538755,34_ACi
28,12:50:54,13520.5,0,1.145952768,0.051587843,154.4372195,28,0,111.267334,484.6049805,0,260.0241699,131.6682129,0.77039581,1,0.49363086900000003,11.50063575,0.87,0.92,10.12092686,0.875060463,-0.016862947,0.49363086900000003,0.46343067,0.863692058,701.72229,0.5,151.5568775,1.534326961,2.250496071,23.90223885,2,4.644859791,1,9.289719582,22.84021187,23.90223885,22.48052979,199.5555115,198.5876923,8.414297104,9.428290367,23.23150063,26.03108978,299.7773132,701.72229,491.4007568,77.10151672,0.5,-1.355140209,7.355140209,1,0,0.159999996,111115,1.498886566,0.001534327,297.0522388,295.9902119,112.2755639,0.130698883,2.977431559,38.61702967,29.1887393,23.37122536,2.883703509,0.051302947,0.726935487,2.156768022,0.032089817,11.90734386,0.77767769899999994,22.98209926,198.4211602,0.001327298,373.3376465,614.0494323,260.0241699,0.862857537,0.601548793,34_ACi
29,12:53:32,13678.5,0,-0.637817292,0.053192451,114.2310903,29,0,111.267334,484.6049805,0,232.1328125,125.8051758,0.77039581,1,0.458046562,11.50063575,0.87,0.92,10.12092686,0.875060463,-0.019760394,0.458046562,0.5209855,1.087619476,701.9879761,0.5,140.6848617,1.594584501,2.268880071,24.01181221,2,4.644859791,1,9.289719582,23.1477375,24.01181221,22.87034225,99.79856873,100.117569,8.38925457,9.442996979,22.73991013,25.59618378,299.7937317,701.9879761,478.2625427,77.11748505,0.75,-1.355140209,7.355140209,1,0,0.159999996,111115,1.498968658,0.001594585,297.1618122,296.2977375,112.3180737,0.12904718,2.99710025,38.86408184,29.42108486,23.57977486,2.920201765,0.052889608,0.728220178,2.191981587,0.033083081,8.8092144,1.140969477,22.86541909,100.2102578,-0.001455336,373.3376465,614.2819237,232.1328125,0.879718825,0.676256923,34_ACi
30,12:56:09,13835.5,0,-1.473567649,0.055277681,89.75558267,30,0,111.267334,484.6049805,0,215.8103027,125.8552246,0.77039581,1,0.416824762,11.50063575,0.87,0.92,10.12092686,0.875060463,-0.021119434,0.416824762,0.554667592,1.245513649,702.0375977,0.5,128.033008,1.648045546,2.257876581,23.95254517,2,4.644859791,1,9.289719582,22.99616051,23.95254517,22.67376518,49.31446075,50.24230957,8.355463028,9.444571495,22.86413765,25.84440613,299.7828979,702.0375977,474.3442383,77.14177704,0.5,-1.355140209,7.355140209,1,0,0.159999996,111115,1.49891449,0.001648046,297.1025452,296.1461605,112.3260131,0.115543205,2.98644761,38.7137518,29.2691803,23.47435284,2.901701675,0.054950702,0.728571028,2.173130647,0.034373417,6.923905146,1.786454155,22.98875697,50.45645127,-0.006713807,373.3376465,614.3253455,215.8103027,0.860460337,0.719977426,34_ACi
31,12:59:48,14054.5,0,7.731634899,0.057662292,354.8085347,31,0,111.267334,484.6049805,0,336.7797852,154.1748047,0.77039581,1,0.542208851,11.50063575,0.87,0.92,10.12092686,0.875060463,-0.006136885,0.542208851,0.305042666,0.438937258,701.8433838,0.5,166.5002461,1.736640895,2.281230883,24.08402824,2,4.644859791,1,9.289719582,23.32910728,24.08402824,23.06476021,599.2991943,593.453186,8.300445557,9.448152542,22.26243591,25.34067345,299.7686462,701.8433838,467.6648254,77.14675903,0.5,-1.355140209,7.355140209,1,0,0.159999996,111115,1.498843231,0.001736641,297.2340282,296.4791073,112.2949389,0.108768699,3.01012523,39.01816833,29.57001579,23.70656776,2.942588718,0.057306584,0.728894347,2.213694371,0.035848404,27.37232853,0.597871143,22.811741520000002,592.3296099,0.0029776,373.3376465,614.1553967,336.7797852,0.809733474,0.39595577,34_ACi
32,13:02:22,14208.5,0,8.640385472,0.059738559,434.3854796,32,0,111.267334,484.6049805,0,365.8972168,158.0253906,0.77039581,1,0.568115352,11.50063575,0.87,0.92,10.12092686,0.875060463,-0.004656563,0.568115352,0.244957787,0.324429261,701.9407959,0.5,174.4797682,1.783206845,2.26211385,23.97307968,2,4.644859791,1,9.289719582,23.16366005,23.97307968,22.87004089,700.7672729,694.177002,8.257122993,9.435564041,22.37170792,25.56455612,299.7827148,701.9407959,469.0306396,77.15711212,0.5,-1.355140209,7.355140209,1,0,0.159999996,111115,1.498913574,0.001783207,297.1230797,296.31366,112.3105248,0.098217892,2.990134723,38.75384447,29.31828043,23.56836987,2.918195385,0.059356858,0.728020873,2.190174513,0.037132142,33.51592915,0.62575608,22.97491416,692.9213644,0.002864858,373.3376465,614.2406382,365.8972168,0.816368542,0.317963551,34_ACi
33,13:05:43,14409.5,0,11.26097393,0.06011328,650.436433,33,0,111.267334,484.6049805,0,384.7080078,156.0126953,0.77039581,1,0.594464653,11.50063575,0.87,0.92,10.12092686,0.875060463,-3.90091e-4,0.594464653,0.206141036,0.259669595,702.0936279,0.5,182.6119251,1.808603171,2.279791452,24.05433655,2,4.644859791,1,9.289719582,23.48171806,24.05433655,23.2602272,1000.274292,991.5646362,8.201337814,9.396673203,21.7964859,24.97329712,299.7666321,702.0936279,470.9238281,77.1520462,0.5,-1.355140209,7.355140209,1,0,0.159999996,111115,1.49883316,0.001808603,297.2043365,296.6317181,112.334978,0.104441515,3.004764017,38.94600552,29.54933232,23.76802731,2.953494109,0.059726791,0.724972565,2.228521544,0.037363777,50.18250173,0.655969777,22.74796317,989.9281697,0.002587705,373.3376465,614.3743754,384.7080078,0.836361721,0.267578085,34_ACi
34,13:08:16,14562.5,0,11.94075827,0.058801248,815.4204131,34,0,111.267334,484.6049805,0,391.7370605,156.4572754,0.77039581,1,0.600606399,11.50063575,0.87,0.92,10.18026161,0.875090131,7.20549e-4,0.600606399,0.19163633,0.237066975,698.0031738,0.5,183.4299055,1.746558249,2.250792772,23.85581017,2,4.644859791,1,9.289719582,23.00601578,23.85581017,22.67397881,1199.357422,1190.004639,8.157262802,9.311615944,22.30921745,25.46624756,299.7860718,698.0031738,478.1199341,77.14437866,0.5,-1.355140209,7.355140209,1,0,0.159999996,111115,1.498930359,0.001746558,297.0058102,296.1560158,111.6805053,0.10040269,2.969131599,38.48798383,29.17636789,23.43091297,2.894108459,0.058431394,0.718338826,2.175769632,0.036552671,62.90510111,0.685224567,22.82593656,1188.269385,0.002293747,373.3376465,610.8156887,391.7370605,0.83887765,0.248750483,34_ACi
35,13:11:22,14748.5,0,4.3766797,0.056957522,257.9938651,35,0,111.267334,484.6049805,0,307.0388184,140.0905762,0.77039581,1,0.543736597,11.50063575,0.87,0.92,10.18026161,0.875090131,-0.01166396,0.543736597,0.366414233,0.578318283,697.9469604,0.5,166.0480482,1.705970519,2.268938053,23.93388367,2,4.644859791,1,9.289719582,23.16122246,23.93388367,22.8704319,400.7433777,397.3709412,8.130259514,9.257951736,22.02646446,25.081604,299.7585144,697.9469604,507.185791,77.14041138,0.5,-1.355140209,7.355140209,1,0,0.159999996,111115,1.498792572,0.001705971,297.0838837,296.3112225,111.6715112,0.110948327,2.983100258,38.6710442,29.41309246,23.54755306,2.914536376,0.056610429,0.714162205,2.200374171,0.03541254,19.90175288,0.649251967,22.54766069,396.7349136,0.002487401,373.3376465,610.7664969,307.0388184,0.852770988,0.475618154,34_ACi
36,13:13:59,14905.5,0,3.008509706,0.056611208,200.1260421,36,0,111.267334,484.6049805,0,280.269043,132.4355469,0.77039581,1,0.527469943,11.50063575,0.87,0.92,10.12092686,0.875060463,-0.013824687,0.527469943,0.421654638,0.729070665,701.9772949,0.5,162.0051606,1.718473501,2.298797733,24.10040283,2,4.644859791,1,9.289719582,23.34721756,24.10040283,23.06480217,300.1013794,297.7529602,8.124562263,9.260388374,21.76319885,24.80572701,299.7923279,701.9772949,513.2467041,77.13366699,0.5,-1.355140209,7.355140209,1,0,0.159999996,111115,1.498961639,0.001718474,297.2504028,296.4972176,112.3163647,0.112129808,3.013085446,39.0631687,29.80278032,23.7238102,2.945644659,0.056268311,0.714287713,2.231356946,0.035198342,15.43645548,0.672121083,22.29070931,297.3157578,0.002255576,373.3376465,614.272577,280.269043,0.874745569,0.547322081,34_ACi
37,13:16:35,15061.5,0,1.615763029,0.057874694,145.9315212,37,0,111.267334,484.6049805,0,254.2526855,128.3088379,0.77039581,1,0.495349134,11.50063575,0.87,0.92,10.12092686,0.875060463,-0.016094742,0.495349134,0.475340337,0.90599749,701.857605,0.5,152.1137542,1.733783014,2.269150393,23.93790817,2,4.644859791,1,9.289719582,22.87437439,23.93790817,22.48112106,200.4619141,199.1535187,8.120258331,9.266303062,22.38037109,25.53900528,299.7644348,701.857605,466.4151917,77.12584686,0.5,-1.355140209,7.355140209,1,0,0.159999996,111115,1.498822174,0.001733783,297.0879082,296.0243744,112.2972143,0.095521054,2.983821864,38.68770309,29.42140003,23.40614128,2.889786194,0.057516369,0.714671471,2.175114723,0.035979753,11.25509216,0.73275894,22.56575132,198.9187129,0.001832955,373.3376465,614.1678411,254.2526855,0.880816435,0.617007947,34_ACi
38,13:19:15,15221.5,0,-0.264595442,0.059469194,102.2095859,38,0,111.267334,484.6049805,0,231.2011719,124.4631348,0.77039581,1,0.461667371,11.50063575,0.87,0.92,10.12092686,0.875060463,-0.019154076,0.461667371,0.522907974,1.096031679,701.9419556,0.5,141.7876644,1.783098524,2.271194254,23.95523643,2,4.644859791,1,9.289719582,23.01296425,23.95523643,22.67413521,99.86924744,99.92690277,8.102503777,9.281117439,22.14241982,25.3633194,299.767334,701.9419556,452.7843323,77.11747742,0.75,-1.355140209,7.355140209,1,0,0.159999996,111115,1.49883667,0.001783099,297.1052364,296.1629642,112.3107104,0.092293573,2.986930619,38.73221375,29.45109631,23.48410034,2.903407915,0.059090917,0.715736365,2.18767155,0.036965623,7.882145433,1.022843529,22.58752192,99.96535429,-5.97863e-4,373.3376465,614.2416529,231.2011719,0.889974331,0.67875236,34_ACi
39,13:21:56,15382.5,0,-1.342939015,0.061508806,82.09704495,39,0,111.267334,484.6049805,0,215.3327637,122.5837402,0.77039581,1,0.430724159,11.50063575,0.87,0.92,10.12092686,0.875060463,-0.020912862,0.430724159,0.555653012,1.250493479,701.8339844,0.5,132.2640119,1.830139705,2.254343231,23.86615944,2,4.644859791,1,9.289719582,22.85348892,23.86615944,22.48061562,49.29624176,50.13105392,8.083800316,9.293545723,22.30387115,25.64165878,299.7541809,701.8339844,469.2264404,77.11122894,0.75,-1.355140209,7.355140209,1,0,0.159999996,111115,1.498770905,0.00183014,297.0161594,296.0034889,112.293435,0.080821817,2.970979963,38.52849972,29.234954,23.35982418,2.881719743,0.061104225,0.716636732,2.165083011,0.038226285,6.330604028,1.637648494,22.77376739,50.32621242,-0.006077108,373.3376465,614.1471716,215.3327637,0.891256815,0.721256534,34_ACi
40,13:24:38,15544.5,0,8.061724294,0.063361555,365.4571392,40,0,111.267334,484.6049805,0,324.7817383,151.0917969,0.77039581,1,0.53478974,11.50063575,0.87,0.92,10.12092686,0.875060463,-0.005601047,0.53478974,0.329801072,0.4920943,701.6389771,0.5,164.174174,1.902118132,2.274146175,23.98814201,2,4.644859791,1,9.289719582,23.16513252,23.98814201,22.87083244,599.5144043,593.381958,8.064605713,9.321992874,21.83107758,25.23485184,299.7305298,701.6389771,422.6633911,77.09677887,0.5,-1.355140209,7.355140209,1,0,0.159999996,111115,1.498652649,0.001902118,297.138142,296.3151325,112.2622338,0.076437494,2.992841798,38.81928456,29.49729169,23.57663727,2.919649676,0.062932318,0.718695623,2.200954053,0.039371039,28.17556825,0.615888526,22.66712888,592.2104127,0.003085662,373.3376465,613.9765284,324.7817383,0.813481142,0.428093024,34_ACi
41,13:27:19,15705.5,0,8.931320098,0.065847508,447.9973205,41,0,111.267334,484.6049805,0,357.253418,155.4223633,0.77039581,1,0.564952061,11.50063575,0.87,0.92,10.12092686,0.875060463,-0.00418476,0.564952061,0.26279458,0.356474021,701.6311035,0.5,173.4317063,1.990955962,2.290240477,24.09462929,2,4.644859791,1,9.289719582,23.35151863,24.09462929,23.06594276,701.0078735,694.1268921,8.048436165,9.36435318,21.53858566,25.0601387,299.7623596,701.6311035,423.7044373,77.07963562,0.75,-1.355140209,7.355140209,1,0,0.159999996,111115,1.498811798,0.001990956,297.2446293,296.5015186,112.2609741,0.064309296,3.012041408,39.07700632,29.71265314,23.72307396,2.945514116,0.065384052,0.721800931,2.223713185,0.04090642,34.53147022,0.645411272,22.62493528,692.8289754,0.002916601,373.3376465,613.9696386,357.253418,0.820497857,0.341116316,34_ACi
42,13:30:09,15875.5,0,11.29453611,0.067058134,680.563684,42,0,111.267334,484.6049805,0,375.5744629,156.1040039,0.77039581,1,0.584359377,11.50063575,0.87,0.92,10.12092686,0.875060463,-3.35554e-4,0.584359377,0.224988438,0.290303331,701.9018555,0.5,179.4586821,2.006386436,2.266525452,23.95256042,2,4.644859791,1,9.289719582,23.03617668,23.95256042,22.67375183,1000.861023,991.9978027,8.015956879,9.342045784,21.85966682,25.47593689,299.775177,701.9018555,419.4962463,77.06287384,0.75,-1.355140209,7.355140209,1,0,0.159999996,111115,1.498875885,0.002006386,297.1025604,296.1861767,112.3042944,0.054047647,2.986450348,38.7534256,29.41137982,23.49436855,2.905206249,0.066577542,0.719924896,2.185281353,0.041653877,52.44619332,0.68605362,22.79365057,990.3564589,0.002599506,373.3376465,614.2065629,375.5744629,0.830361481,0.292042655,34_ACi
43,13:32:55,16041.5,0,12.19819368,0.065759391,843.3468264,43,0,111.267334,484.6049805,0,381.0554199,154.3134766,0.77039581,1,0.595036657,11.50063575,0.87,0.92,10.12092686,0.875060463,0.001135996,0.595036657,0.213678284,0.271744096,701.7227783,0.5,182.691088,1.954503601,2.251064594,23.85725594,2,4.644859791,1,9.289719582,22.87071991,23.85725594,22.48112488,1200.288452,1190.597046,8.031089783,9.323000908,22.11737251,25.67525482,299.7546387,701.7227783,455.9844055,77.04870605,0.5,-1.355140209,7.355140209,1,0,0.159999996,111115,1.498773193,0.001954504,297.0072559,296.0207199,112.275642,0.05998864,2.969389751,38.53912548,29.21612457,23.36398792,2.882444082,0.06529717,0.718325157,2.164118925,0.040852009,64.97878173,0.708339425,22.87825669,1188.824381,0.002347474,373.3376465,614.0498596,381.0554199,0.840444613,0.27736169,34_ACi
44,13:35:27,16193.5,0,13.35650522,0.063410993,1089.060778,44,0,111.267334,484.6049805,0,382.753418,152.7121582,0.77039581,1,0.601016866,11.50063575,0.87,0.92,10.12092686,0.875060463,0.003022379,0.601016866,0.210174403,0.266102294,701.7144165,0.5,184.5249623,1.887569015,2.254145607,23.86536407,2,4.644859791,1,9.289719582,22.85482597,23.86536407,22.4811306,1500.60437,1489.816528,8.05322361,9.30091095,22.20183754,25.64157104,299.7566528,701.7144165,482.0036621,77.05613708,0.5,-1.355140209,7.355140209,1,0,0.159999996,111115,1.498783264,0.001887569,297.0153641,296.004826,112.2743041,0.070711976,2.970837876,38.55420202,29.25329107,23.36009502,2.881766855,0.062981088,0.716692269,2.165074586,0.03940158,83.91881664,0.731003286,22.79124152,1487.875535,0.002045946,373.3376465,614.0425425,382.753418,0.847340889,0.272813533,34_ACi
