OPEN 6.1.4,,,,,,,,,,,,,,,,,,,,,,,,,,,,,,,,,,,,,,,,,,,,,,,,,,,,,,,,,,,,,,,,,,,,,,,,,,,,,,,,,,
Wed Mar  9 2022 09:07:01,,,,,,,,,,,,,,,,,,,,,,,,,,,,,,,,,,,,,,,,,,,,,,,,,,,,,,,,,,,,,,,,,,,,,,,,,,,,,,,,,,
Unit=,PSC-2784,,,,,,,,,,,,,,,,,,,,,,,,,,,,,,,,,,,,,,,,,,,,,,,,,,,,,,,,,,,,,,,,,,,,,,,,,,,,,,,,,
LCF=,LCF-1196,,,,,,,,,,,,,,,,,,,,,,,,,,,,,,,,,,,,,,,,,,,,,,,,,,,,,,,,,,,,,,,,,,,,,,,,,,,,,,,,,
LCFCals=,-2.200000048,-0.340000004,-2922,,,,,,,,,,,,,,,,,,,,,,,,,,,,,,,,,,,,,,,,,,,,,,,,,,,,,,,,,,,,,,,,,,,,,,,,,,,,,,,
LightSource=,6400-40 Fluorometer,1,0.159999996,,,,,,,,,,,,,,,,,,,,,,,,,,,,,,,,,,,,,,,,,,,,,,,,,,,,,,,,,,,,,,,,,,,,,,,,,,,,,,,
Config=,/User/Configs/UserPrefs/LCF.xml,,,,,,,,,,,,,,,,,,,,,,,,,,,,,,,,,,,,,,,,,,,,,,,,,,,,,,,,,,,,,,,,,,,,,,,,,,,,,,,,,
Remark=,,,,,,,,,,,,,,,,,,,,,,,,,,,,,,,,,,,,,,,,,,,,,,,,,,,,,,,,,,,,,,,,,,,,,,,,,,,,,,,,,,
,,,,,,,,,,,,,,,,,,,,,,,,,,,,,,,,,,,,,,,,,,,,,,,,,,,,,,,,,,,,,,,,,,,,,,,,,,,,,,,,,,
Obs,HHMMSS,FTime,EBal?,Photo,Cond,Ci,FCnt,DCnt,Fo,Fm,Fo',Fm',Fs,Fv/Fm,Fv'/Fm',PhiPS2,Adark,RedAbs,BlueAbs,%Blue,LeafAbs,PhiCO2,qP,qN,NPQ,ParIn@Fs,PS2/1,ETR,Trmmol,VpdL,CTleaf,Area,BLC_1,StmRat,BLCond,Tair,Tleaf,TBlk,CO2R,CO2S,H2OR,H2OS,RH_R,RH_S,Flow,PARi,PARo,Press,CsMch,HsMch,StableF,BLCslope,BLCoffst,f_parin,f_parout,alphaK,Status,fda,Trans,Tair_K,Twall_K,R(W/m2),Tl-Ta,SVTleaf,h2o_i,h20diff,CTair,SVTair,CndTotal,vp_kPa,VpdA,CndCO2,Ci_Pa,Ci/Ca,RHsfc,C2sfc,AHs/Cs,Fv,PARabs,Fv',qP_Fo,qN_Fo
in,in,in,in,out,out,out,in,in,in,in,in,in,in,out,out,out,in,in,in,in,out,out,out,out,out,in,in,out,out,out,out,in,out,in,out,in,in,in,in,in,in,in,in,in,in,in,in,in,in,in,in,in,in,in,in,in,in,out,out,out,out,out,out,out,out,out,out,out,out,out,out,out,out,out,out,out,out,out,out,out,out,out
Remark=,"""10:30:44 Launched AutoProg /User/Configs/AutoProgs/Flr A-CiCurve""
",,,,,,,,,,,,,,,,,,,,,,,,,,,,,,,,,,,,,,,,,,,,,,,,,,,,,,,,,,,,,,,,,,,,,,,,,,,,,,,,,
Remark=,"""10:31:08 1_ACi""
",,,,,,,,,,,,,,,,,,,,,,,,,,,,,,,,,,,,,,,,,,,,,,,,,,,,,,,,,,,,,,,,,,,,,,,,,,,,,,,,,
Remark=,"""10:31:16 Launched AutoProg /User/Configs/AutoProgs/Flr A-CiCurve""
",,,,,,,,,,,,,,,,,,,,,,,,,,,,,,,,,,,,,,,,,,,,,,,,,,,,,,,,,,,,,,,,,,,,,,,,,,,,,,,,,
Remark=,"""10:35:57 Fo=72""
",,,,,,,,,,,,,,,,,,,,,,,,,,,,,,,,,,,,,,,,,,,,,,,,,,,,,,,,,,,,,,,,,,,,,,,,,,,,,,,,,
Remark=,"""10:35:57 RF#1 7363 um, Fmax=292 Int=9 Mod=20 Filter=50""
",,,,,,,,,,,,,,,,,,,,,,,,,,,,,,,,,,,,,,,,,,,,,,,,,,,,,,,,,,,,,,,,,,,,,,,,,,,,,,,,,
Remark=,"""10:35:58 Fm=292""
",,,,,,,,,,,,,,,,,,,,,,,,,,,,,,,,,,,,,,,,,,,,,,,,,,,,,,,,,,,,,,,,,,,,,,,,,,,,,,,,,
1,10:35:58,5424.5,0,-2.183161683,0.038456868,471.7596088,1,0,72.35424805,292.4194336,0,0,0,0.752566896,#DIV/0!,#DIV/0!,-2.183161683,0.87,0.92,0,0.87,0,#DIV/0!,1,#DIV/0!,0,0.5,#DIV/0!,1.154219463,2.270920567,23.99274445,2,4.644859791,1,9.289719582,24.45350075,23.99274445,24.42556953,400.5053406,401.6526489,8.597929001,9.360824585,21.57065392,23.48462105,299.7566223,0.828838408,339.2980042,77.20995331,-2.271204948,-0.313980043,0.75,-1.355140209,7.355140209,1,0,0.159999996,111115,1.498783112,0.001154219,297.1427444,297.6035007,0.132614142,-0.182151497,2.993669397,38.77310202,29.41227744,24.2231226,3.035351995,0.038298323,0.722748829,2.312603166,0.023950646,36.42453737,1.17454624,22.59234013,401.9699102,-0.001227025,220.0651855,0.721089415,0,0,1.328785527
Remark=,"""10:43:27 Fs=89 Msr=3 Mod=0.25 Filter=5 Gain=10""
",,,,,,,,,,,,,,,,,,,,,,,,,,,,,,,,,,,,,,,,,,,,,,,,,,,,,,,,,,,,,,,,,,,,,,,,,,,,,,,,,
Remark=,"""10:43:27 RF#2 7752 um, Fmax=178 Int=9 Mod=20 Filter=50""
",,,,,,,,,,,,,,,,,,,,,,,,,,,,,,,,,,,,,,,,,,,,,,,,,,,,,,,,,,,,,,,,,,,,,,,,,,,,,,,,,
Remark=,"""10:43:28 Fm'=178""
",,,,,,,,,,,,,,,,,,,,,,,,,,,,,,,,,,,,,,,,,,,,,,,,,,,,,,,,,,,,,,,,,,,,,,,,,,,,,,,,,
2,10:43:28,5874,0,2.36441014,0.038555513,283.4887058,2,0,72.35424805,292.4194336,0,178.3986816,89.86132813,0.752566896,1,0.496289281,-2.183161683,0.87,0.92,10.12092686,0.875060463,0.007407584,0.496289281,0.389921937,0.639134499,701.5601196,0.5,152.3378618,1.154939076,2.267466025,23.88510132,2,4.644859791,1,9.289719582,23.1716938,23.88510132,22.87118721,400.2392883,398.355011,8.390576363,9.154008865,22.74163437,24.81082535,299.7951355,701.5601196,342.1408997,77.22294617,-2.647089958,-0.311499536,0.5,-1.355140209,7.355140209,1,0,0.159999996,111115,1.498975677,0.001154939,297.0351013,296.3216938,112.2496166,0.213122988,2.974365559,38.51660299,29.36259412,23.52839756,2.911172923,0.038396156,0.706899534,2.204273389,0.024011864,21.89183307,0.711648399,22.2277599,398.0114103,0.001320453,220.0651855,613.9075234,178.3986816,0.834908071,0.518122627
Remark=,"""10:45:58 Fs=88 Msr=3 Mod=0.25 Filter=5 Gain=10""
",,,,,,,,,,,,,,,,,,,,,,,,,,,,,,,,,,,,,,,,,,,,,,,,,,,,,,,,,,,,,,,,,,,,,,,,,,,,,,,,,
Remark=,"""10:45:58 RF#3 7756 um, Fmax=172 Int=9 Mod=20 Filter=50""
",,,,,,,,,,,,,,,,,,,,,,,,,,,,,,,,,,,,,,,,,,,,,,,,,,,,,,,,,,,,,,,,,,,,,,,,,,,,,,,,,
Remark=,"""10:45:59 Fm'=172""
",,,,,,,,,,,,,,,,,,,,,,,,,,,,,,,,,,,,,,,,,,,,,,,,,,,,,,,,,,,,,,,,,,,,,,,,,,,,,,,,,
3,10:45:59,6025,0,1.484391973,0.03898653,225.3818227,3,0,72.35424805,292.4194336,0,172.7399902,88.75292969,0.752566896,1,0.486205079,-2.183161683,0.87,0.92,10.12092686,0.875060463,0.005972021,0.486205079,0.409273221,0.692829976,701.8059692,0.5,149.2947773,1.16811424,2.26819014,23.86666679,2,4.644859791,1,9.289719582,23.30716515,23.86666679,23.06581497,300.361084,299.1376038,8.329731941,9.101976395,22.39266586,24.46867371,299.7709045,701.8059692,337.9037781,77.22283936,-2.525996208,-0.309692323,0.5,-1.355140209,7.355140209,1,0,0.159999996,111115,1.498854523,0.001168114,297.0166668,296.4571651,112.2889526,0.217869832,2.971070601,38.47398809,29.37201169,23.58691597,2.921458652,0.038823597,0.702880461,2.218578192,0.024279334,17.40462428,0.753438618,22.12401915,298.921889,0.001098639,220.0651855,614.1226567,172.7399902,0.836643319,0.543836332
Remark=,"""10:48:39 Fs=86 Msr=3 Mod=0.25 Filter=5 Gain=10""
",,,,,,,,,,,,,,,,,,,,,,,,,,,,,,,,,,,,,,,,,,,,,,,,,,,,,,,,,,,,,,,,,,,,,,,,,,,,,,,,,
Remark=,"""10:48:39 RF#4 7760 um, Fmax=160 Int=9 Mod=20 Filter=50""
",,,,,,,,,,,,,,,,,,,,,,,,,,,,,,,,,,,,,,,,,,,,,,,,,,,,,,,,,,,,,,,,,,,,,,,,,,,,,,,,,
Remark=,"""10:48:40 Fm'=160""
",,,,,,,,,,,,,,,,,,,,,,,,,,,,,,,,,,,,,,,,,,,,,,,,,,,,,,,,,,,,,,,,,,,,,,,,,,,,,,,,,
4,10:48:40,6186,0,0.372662752,0.038899964,175.6406569,4,0,72.35424805,292.4194336,0,160.6035156,86.11914063,0.752566896,1,0.463777986,-2.183161683,0.87,0.92,10.12092686,0.875060463,0.004162014,0.463777986,0.450776873,0.820753627,701.7612915,0.5,142.3992185,1.171052214,2.278733535,23.89253807,2,4.644859791,1,9.289719582,23.45723724,23.89253807,23.26039886,200.5102997,200.1053314,8.251952171,9.026187897,21.98148727,24.04389191,299.7748718,701.7612915,338.9933472,77.21556091,-2.34452343,-0.312532365,0.5,-1.355140209,7.355140209,1,0,0.159999996,111115,1.498874359,0.001171052,297.0425381,296.6072372,112.2818041,0.222895833,2.975695696,38.53751318,29.51132528,23.67488766,2.936981161,0.038737753,0.696962161,2.240019,0.024225617,13.56219184,0.877741016,21.88339282,200.0511753,0.000407652,220.0651855,614.083561,160.6035156,0.844022586,0.598985785
Remark=,"""10:51:10 Fs=84 Msr=3 Mod=0.25 Filter=5 Gain=10""
",,,,,,,,,,,,,,,,,,,,,,,,,,,,,,,,,,,,,,,,,,,,,,,,,,,,,,,,,,,,,,,,,,,,,,,,,,,,,,,,,
Remark=,"""10:51:10 RF#5 7736 um, Fmax=148 Int=9 Mod=20 Filter=50""
",,,,,,,,,,,,,,,,,,,,,,,,,,,,,,,,,,,,,,,,,,,,,,,,,,,,,,,,,,,,,,,,,,,,,,,,,,,,,,,,,
Remark=,"""10:51:11 Fm'=148""
",,,,,,,,,,,,,,,,,,,,,,,,,,,,,,,,,,,,,,,,,,,,,,,,,,,,,,,,,,,,,,,,,,,,,,,,,,,,,,,,,
5,10:51:11,6337,0,-0.909198018,0.039054671,132.8346325,5,0,72.35424805,292.4194336,0,148.6872559,84.95458984,0.752566896,1,0.4286357,-2.183161683,0.87,0.92,10.12092686,0.875060463,0.002076585,0.4286357,0.491527447,0.966674493,701.0828247,0.5,131.4818282,1.189841526,2.305643824,24.02983093,2,4.644859791,1,9.289719582,23.36338425,24.02983093,23.06561852,100.650116,101.1763763,8.210917473,8.997582436,21.99475479,24.10201073,299.7809448,701.0828247,342.5027161,77.20981598,-2.360491753,-0.313574731,0.75,-1.355140209,7.355140209,1,0,0.159999996,111115,1.498904724,0.001189842,297.1798309,296.5133842,112.1732494,0.208710319,3.000345508,38.85963812,29.86205568,23.69660759,2.940824703,0.03889117,0.694701684,2.246123019,0.024321618,10.25613753,1.312901661,21.59976095,101.3085028,-0.001938481,220.0651855,613.4898615,148.6872559,0.834929316,0.653134558
Remark=,"""10:54:10 Fs=86 Msr=3 Mod=0.25 Filter=5 Gain=10""
",,,,,,,,,,,,,,,,,,,,,,,,,,,,,,,,,,,,,,,,,,,,,,,,,,,,,,,,,,,,,,,,,,,,,,,,,,,,,,,,,
Remark=,"""10:54:10 RF#6 7722 um, Fmax=141 Int=9 Mod=20 Filter=50""
",,,,,,,,,,,,,,,,,,,,,,,,,,,,,,,,,,,,,,,,,,,,,,,,,,,,,,,,,,,,,,,,,,,,,,,,,,,,,,,,,
Remark=,"""10:54:11 Fm'=141""
",,,,,,,,,,,,,,,,,,,,,,,,,,,,,,,,,,,,,,,,,,,,,,,,,,,,,,,,,,,,,,,,,,,,,,,,,,,,,,,,,
6,10:54:11,6517,0,-1.406533064,0.038953144,105.767976,6,0,72.35424805,292.4194336,0,141.295166,86.21337891,0.752566896,1,0.389834901,-2.183161683,0.87,0.92,10.12092686,0.875060463,0.001266866,0.389834901,0.516806512,1.069564316,700.5587158,0.5,119.4904854,1.177382913,2.287686452,23.92459297,2,4.644859791,1,9.289719582,22.41370201,23.92459297,21.69857979,50.70837021,51.60626602,8.206896782,8.985384941,23.28541183,25.4942131,299.7614441,700.5587158,350.5720215,77.2085495,-2.414252281,-0.303543985,0.5,-1.355140209,7.355140209,1,0,0.159999996,111115,1.49880722,0.001177383,297.074593,295.563702,112.089392,0.172877349,2.98143499,38.61534778,29.62996284,23.16914749,2.8487191,0.03879049,0.693748538,2.154970562,0.024258617,8.166192012,2.049518095,21.72640815,51.81066612,-0.005898189,220.0651855,613.0312345,141.295166,0.798970898,0.686725014
Remark=,"""10:56:55 Fs=91 Msr=3 Mod=0.25 Filter=5 Gain=10""
",,,,,,,,,,,,,,,,,,,,,,,,,,,,,,,,,,,,,,,,,,,,,,,,,,,,,,,,,,,,,,,,,,,,,,,,,,,,,,,,,
Remark=,"""10:56:55 RF#7 7722 um, Fmax=182 Int=9 Mod=20 Filter=50""
",,,,,,,,,,,,,,,,,,,,,,,,,,,,,,,,,,,,,,,,,,,,,,,,,,,,,,,,,,,,,,,,,,,,,,,,,,,,,,,,,
Remark=,"""10:56:56 Fm'=182""
",,,,,,,,,,,,,,,,,,,,,,,,,,,,,,,,,,,,,,,,,,,,,,,,,,,,,,,,,,,,,,,,,,,,,,,,,,,,,,,,,
7,10:56:56,6682,0,4.608500428,0.039459723,384.9467973,7,0,72.35424805,292.4194336,0,182.7873535,91.26977539,0.752566896,1,0.500677844,-2.183161683,0.87,0.92,10.12092686,0.875060463,0.011082145,0.500677844,0.374913797,0.59977935,700.3484497,0.5,153.4195172,1.187274233,2.277474888,23.87084007,2,4.644859791,1,9.289719582,22.55226898,23.87084007,22.08634567,599.7399902,596.1929321,8.208328247,8.993351936,23.09345818,25.30205917,299.7608032,700.3484497,350.5129089,77.20606995,-2.985663414,-0.297376573,0.5,-1.355140209,7.355140209,1,0,0.159999996,111115,1.498804016,0.001187274,297.0208401,295.702269,112.0557494,0.179600955,2.971816247,38.49200262,29.49865069,23.21155453,2.856029811,0.03929282,0.694341359,2.161688452,0.024572953,29.72022936,0.645674876,21.83244923,595.5232159,0.00168952,220.0651855,612.847239,182.7873535,0.828715065,0.498180027
Remark=,"""10:59:27 Fs=94 Msr=3 Mod=0.25 Filter=5 Gain=10""
",,,,,,,,,,,,,,,,,,,,,,,,,,,,,,,,,,,,,,,,,,,,,,,,,,,,,,,,,,,,,,,,,,,,,,,,,,,,,,,,,
Remark=,"""10:59:27 RF#8 7723 um, Fmax=199 Int=9 Mod=20 Filter=50""
",,,,,,,,,,,,,,,,,,,,,,,,,,,,,,,,,,,,,,,,,,,,,,,,,,,,,,,,,,,,,,,,,,,,,,,,,,,,,,,,,
Remark=,"""10:59:28 Fm'=199""
",,,,,,,,,,,,,,,,,,,,,,,,,,,,,,,,,,,,,,,,,,,,,,,,,,,,,,,,,,,,,,,,,,,,,,,,,,,,,,,,,
8,10:59:28,6834,0,4.651119571,0.039552247,478.1436821,8,0,72.35424805,292.4194336,0,199.9865723,94.7277832,0.752566896,1,0.526329282,-2.183161683,0.87,0.92,10.12092686,0.875060463,0.011147137,0.526329282,0.316096848,0.462195338,700.6343994,0.5,161.3455737,1.189533325,2.276249946,23.87310791,2,4.644859791,1,9.289719582,22.56993675,23.87310791,22.08794022,698.9718018,695.3168945,8.228821754,9.015288353,23.12418175,25.33426857,299.7735291,700.6343994,348.5761414,77.19903564,-3.288336754,-0.295676172,1,-1.355140209,7.355140209,1,0,0.159999996,111115,1.498867645,0.001189533,297.0231079,295.7199368,112.1015014,0.180070254,2.972221513,38.50075961,29.48547126,23.22152233,2.857750579,0.039384562,0.695971567,2.161779012,0.024630362,36.91223116,0.687662972,21.88469097,694.6409848,0.001465337,220.0651855,613.0974622,199.9865723,0.824703222,0.420024917
Remark=,"""11:01:58 Fs=98 Msr=3 Mod=0.25 Filter=5 Gain=10""
",,,,,,,,,,,,,,,,,,,,,,,,,,,,,,,,,,,,,,,,,,,,,,,,,,,,,,,,,,,,,,,,,,,,,,,,,,,,,,,,,
Remark=,"""11:01:58 RF#9 7722 um, Fmax=218 Int=9 Mod=20 Filter=50""
",,,,,,,,,,,,,,,,,,,,,,,,,,,,,,,,,,,,,,,,,,,,,,,,,,,,,,,,,,,,,,,,,,,,,,,,,,,,,,,,,
Remark=,"""11:01:59 Fm'=218""
",,,,,,,,,,,,,,,,,,,,,,,,,,,,,,,,,,,,,,,,,,,,,,,,,,,,,,,,,,,,,,,,,,,,,,,,,,,,,,,,,
9,11:01:59,6985,0,7.462222278,0.039442296,651.1564562,9,0,72.35424805,292.4194336,0,218.3486328,98.90136719,0.752566896,1,0.547048379,-2.183161683,0.87,0.92,10.12092686,0.875060463,0.015729383,0.547048379,0.253303277,0.339231805,700.7607422,0.5,167.7272266,1.201556819,2.305064431,24.03948784,2,4.644859791,1,9.289719582,23.02798653,24.03948784,22.67332458,1001.012268,995.2363892,8.234949112,9.02928257,22.50671387,24.67768478,299.8004456,700.7607422,347.2689209,77.19567871,-5.030524254,-0.298391283,0.5,-1.355140209,7.355140209,1,0,0.159999996,111115,1.499002228,0.001201557,297.1894878,296.1779865,112.1217162,0.19095811,3.002086028,38.88930155,29.86001898,23.53373718,2.912110149,0.03927554,0.697021596,2.215088552,0.02456214,50.26646458,0.654273159,21.66569753,994.1519646,0.001626253,220.0651855,613.2080198,218.3486328,0.818163423,0.336585728
Remark=,"""11:04:43 Fs=99 Msr=3 Mod=0.25 Filter=5 Gain=10""
",,,,,,,,,,,,,,,,,,,,,,,,,,,,,,,,,,,,,,,,,,,,,,,,,,,,,,,,,,,,,,,,,,,,,,,,,,,,,,,,,
Remark=,"""11:04:43 RF#10 7724 um, Fmax=227 Int=9 Mod=20 Filter=50""
",,,,,,,,,,,,,,,,,,,,,,,,,,,,,,,,,,,,,,,,,,,,,,,,,,,,,,,,,,,,,,,,,,,,,,,,,,,,,,,,,
Remark=,"""11:04:44 Fm'=227""
",,,,,,,,,,,,,,,,,,,,,,,,,,,,,,,,,,,,,,,,,,,,,,,,,,,,,,,,,,,,,,,,,,,,,,,,,,,,,,,,,
10,11:04:44,7150,0,7.791697361,0.039714119,830.0879925,10,0,72.35424805,292.4194336,0,227.0991211,99.32714844,0.752566896,1,0.562626452,-2.183161683,0.87,0.92,10.12092686,0.875060463,0.016265712,0.562626452,0.223378835,0.287629085,700.8024902,0.5,172.5138031,1.194262458,2.27587247,23.8690052,2,4.644859791,1,9.289719582,22.69211578,23.8690052,22.27935219,1200.170898,1194.021118,8.22173214,9.011331558,22.93190384,25.1342411,299.7723999,700.8024902,241.2551422,77.19346619,-5.623175621,-0.293345392,0.5,-1.355140209,7.355140209,1,0,0.159999996,111115,1.498862,0.001194262,297.0190052,295.8421158,112.1283959,0.18497812,2.971488388,38.49404017,29.48270861,23.28056049,2.867961095,0.039545061,0.695615918,2.172345178,0.024730797,64.07736938,0.695203778,21.88015825,1192.888814,0.001429166,220.0651855,613.2445519,227.0991211,0.825694384,0.296822563
Remark=,"""11:07:16 Fs=100 Msr=3 Mod=0.25 Filter=5 Gain=10""
",,,,,,,,,,,,,,,,,,,,,,,,,,,,,,,,,,,,,,,,,,,,,,,,,,,,,,,,,,,,,,,,,,,,,,,,,,,,,,,,,
Remark=,"""11:07:16 RF#11 7743 um, Fmax=231 Int=9 Mod=20 Filter=50""
",,,,,,,,,,,,,,,,,,,,,,,,,,,,,,,,,,,,,,,,,,,,,,,,,,,,,,,,,,,,,,,,,,,,,,,,,,,,,,,,,
Remark=,"""11:07:17 Fm'=231""
",,,,,,,,,,,,,,,,,,,,,,,,,,,,,,,,,,,,,,,,,,,,,,,,,,,,,,,,,,,,,,,,,,,,,,,,,,,,,,,,,
11,11:07:17,7303,0,9.68757699,0.03928569,1035.735938,11,0,72.35424805,292.4194336,0,231.8630371,100.5991211,0.752566896,1,0.566126959,-2.183161683,0.87,0.92,10.12092686,0.875060463,0.019347676,0.566126959,0.207087456,0.261173136,701.1499023,0.5,173.6731897,1.180808467,2.274582324,23.86335754,2,4.644859791,1,9.289719582,22.95287514,23.86335754,22.6719532,1500.37146,1492.732056,8.23463726,9.015352249,22.60682106,24.75014305,299.7670288,701.1499023,350.2156372,77.19023132,-8.146613121,-0.296076715,0.5,-1.355140209,7.355140209,1,0,0.159999996,111115,1.498835144,0.001180808,297.0133575,296.1028751,112.1839819,0.199480523,2.970479449,38.48258256,29.46723031,23.40811634,2.890130603,0.039120252,0.695897126,2.194233477,0.024464968,79.94869667,0.693852547,21.89463476,1491.324238,0.001422266,220.0651855,613.5485585,231.8630371,0.822925914,0.275174814
Remark=,"""11:10:18 Fs=98 Msr=3 Mod=0.25 Filter=5 Gain=10""
",,,,,,,,,,,,,,,,,,,,,,,,,,,,,,,,,,,,,,,,,,,,,,,,,,,,,,,,,,,,,,,,,,,,,,,,,,,,,,,,,
Remark=,"""11:10:18 RF#12 7751 um, Fmax=229 Int=9 Mod=20 Filter=50""
",,,,,,,,,,,,,,,,,,,,,,,,,,,,,,,,,,,,,,,,,,,,,,,,,,,,,,,,,,,,,,,,,,,,,,,,,,,,,,,,,
Remark=,"""11:10:19 Fm'=229""
",,,,,,,,,,,,,,,,,,,,,,,,,,,,,,,,,,,,,,,,,,,,,,,,,,,,,,,,,,,,,,,,,,,,,,,,,,,,,,,,,
12,11:10:19,7485.5,0,11.83533923,0.039007431,1420.683199,12,0,72.35424805,292.4194336,0,229.5549316,98.37573242,0.752566896,1,0.571450146,-2.183161683,0.87,0.92,10.12092686,0.875060463,0.022842414,0.571450146,0.214980589,0.273853851,701.3285522,0.5,175.3508739,1.176914724,2.283211586,23.91397095,2,4.644859791,1,9.289719582,23.16353226,23.91397095,22.86907959,1999.980225,1990.521606,8.242108345,9.020184517,22.3424015,24.45158195,299.7903748,701.3285522,351.9642944,77.19581604,-12.25720882,-0.296894014,0.5,-1.355140209,7.355140209,1,0,0.159999996,111115,1.498951874,0.001176915,297.0639709,296.3135323,112.2125659,0.207426101,2.979532091,38.59706709,29.57688257,23.5387516,2.912990534,0.038844324,0.696320505,2.21667003,0.024292304,109.6707989,0.713724078,21.82941778,1988.801672,0.001299067,220.0651855,613.7048879,229.5549316,0.834469649,0.285663095
Remark=,"""11:18:14 18_ACi""
",,,,,,,,,,,,,,,,,,,,,,,,,,,,,,,,,,,,,,,,,,,,,,,,,,,,,,,,,,,,,,,,,,,,,,,,,,,,,,,,,
Remark=,"""11:19:21 Launched AutoProg /User/Configs/AutoProgs/Flr A-CiCurve""
",,,,,,,,,,,,,,,,,,,,,,,,,,,,,,,,,,,,,,,,,,,,,,,,,,,,,,,,,,,,,,,,,,,,,,,,,,,,,,,,,
Remark=,"""11:22:18 18_retry""
",,,,,,,,,,,,,,,,,,,,,,,,,,,,,,,,,,,,,,,,,,,,,,,,,,,,,,,,,,,,,,,,,,,,,,,,,,,,,,,,,
Remark=,"""11:22:27 18_ACi""
",,,,,,,,,,,,,,,,,,,,,,,,,,,,,,,,,,,,,,,,,,,,,,,,,,,,,,,,,,,,,,,,,,,,,,,,,,,,,,,,,
Remark=,"""11:22:35 Launched AutoProg /User/Configs/AutoProgs/Flr A-CiCurve""
",,,,,,,,,,,,,,,,,,,,,,,,,,,,,,,,,,,,,,,,,,,,,,,,,,,,,,,,,,,,,,,,,,,,,,,,,,,,,,,,,
Remark=,"""11:25:56 Fo=250""
",,,,,,,,,,,,,,,,,,,,,,,,,,,,,,,,,,,,,,,,,,,,,,,,,,,,,,,,,,,,,,,,,,,,,,,,,,,,,,,,,
Remark=,"""11:25:56 RF#13 7384 um, Fmax=867 Int=9 Mod=20 Filter=50""
",,,,,,,,,,,,,,,,,,,,,,,,,,,,,,,,,,,,,,,,,,,,,,,,,,,,,,,,,,,,,,,,,,,,,,,,,,,,,,,,,
Remark=,"""11:25:57 Fm=867""
",,,,,,,,,,,,,,,,,,,,,,,,,,,,,,,,,,,,,,,,,,,,,,,,,,,,,,,,,,,,,,,,,,,,,,,,,,,,,,,,,
13,11:25:57,8423.5,0,9.700410158,0.108270533,233.3448429,13,0,250.5830078,867.0209961,0,0,0,0.710983922,#DIV/0!,#DIV/0!,9.700410158,0.87,0.92,0,0.87,0,#DIV/0!,1,#DIV/0!,701.3285522,0.5,#DIV/0!,3.00766119,2.117467113,23.56301689,2,4.644859791,1,9.289719582,26.78786087,23.56301689,27.35464287,399.4249268,392.165741,8.3732481,10.35920143,18.28842545,22.62604332,299.7557068,1.094707489,424.293457,77.20546722,-12.25720882,-0.296894014,0.75,-1.355140209,7.355140209,1,0,0.159999996,111115,1.498778534,0.003007661,296.7130169,299.9378609,0.175153194,-0.382259922,2.917254099,37.7855896,27.42638817,25.17543888,3.213087834,0.107023191,0.799786987,2.413300847,0.067000453,18.01549762,0.595015879,26.48221168,390.7560586,0.006574135,616.4379883,0.952395515,0,0,1.406501566
Remark=,"""11:33:28 Fs=318 Msr=3 Mod=0.25 Filter=5 Gain=10""
",,,,,,,,,,,,,,,,,,,,,,,,,,,,,,,,,,,,,,,,,,,,,,,,,,,,,,,,,,,,,,,,,,,,,,,,,,,,,,,,,
Remark=,"""11:33:28 RF#14 7771 um, Fmax=637 Int=9 Mod=20 Filter=50""
",,,,,,,,,,,,,,,,,,,,,,,,,,,,,,,,,,,,,,,,,,,,,,,,,,,,,,,,,,,,,,,,,,,,,,,,,,,,,,,,,
Remark=,"""11:33:29 Fm'=637""
",,,,,,,,,,,,,,,,,,,,,,,,,,,,,,,,,,,,,,,,,,,,,,,,,,,,,,,,,,,,,,,,,,,,,,,,,,,,,,,,,
14,11:33:29,8875,0,8.339187942,0.107451785,253.4142437,14,0,250.5830078,867.0209961,0,637.7353516,318.8735352,0.710983922,1,0.499990812,9.700410158,0.87,0.92,10.18026161,0.875090131,-0.002227836,0.499990812,0.26445224,0.359531025,698.2211914,0.5,152.7488115,3.087339426,2.188677519,23.94123268,2,4.644859791,1,9.289719582,25.14835167,23.94123268,25.20690155,400.2171021,393.8430176,8.270055771,10.30834675,19.9007206,24.80558205,299.8113708,698.2211914,429.9714661,77.19380951,-2.918097496,-0.354237497,0.5,-1.355140209,7.355140209,1,0,0.159999996,111115,1.499056854,0.003087339,297.0912327,298.2983517,111.7153881,-0.042843665,2.984418074,38.66136538,28.35301863,24.54479218,3.094400537,0.106223129,0.795740555,2.298659982,0.06649876,19.56201085,0.643439727,25.68207803,392.6311507,0.005454679,616.4379883,611.0064737,637.7353516,0.823608126,0.37195249
Remark=,"""11:36:00 Fs=312 Msr=3 Mod=0.25 Filter=5 Gain=10""
",,,,,,,,,,,,,,,,,,,,,,,,,,,,,,,,,,,,,,,,,,,,,,,,,,,,,,,,,,,,,,,,,,,,,,,,,,,,,,,,,
Remark=,"""11:36:00 RF#15 7764 um, Fmax=617 Int=9 Mod=20 Filter=50""
",,,,,,,,,,,,,,,,,,,,,,,,,,,,,,,,,,,,,,,,,,,,,,,,,,,,,,,,,,,,,,,,,,,,,,,,,,,,,,,,,
Remark=,"""11:36:01 Fm'=617""
",,,,,,,,,,,,,,,,,,,,,,,,,,,,,,,,,,,,,,,,,,,,,,,,,,,,,,,,,,,,,,,,,,,,,,,,,,,,,,,,,
15,11:36:01,9027,0,6.001196267,0.110540655,196.3872606,15,0,250.5830078,867.0209961,0,617.7915039,312.3496094,0.710983922,1,0.494409348,9.700410158,0.87,0.92,10.18026161,0.875090131,-0.006056394,0.494409348,0.287454967,0.403420071,697.979248,0.5,150.9913174,3.194690789,2.202146053,24.03170013,2,4.644859791,1,9.289719582,25.35287094,24.03170013,25.40341568,300.261261,295.6269836,8.234103203,10.34362221,19.57630539,24.59161568,299.7504272,697.979248,304.3135071,77.20083618,-2.75965023,-0.356151521,0.75,-1.355140209,7.355140209,1,0,0.159999996,111115,1.498752136,0.003194691,297.1817001,298.5028709,111.6766772,-0.056654544,3.000682336,38.86852118,28.52489897,24.69228554,3.121809803,0.109240772,0.798536284,2.323273519,0.068391091,15.16126073,0.664307629,25.64523977,294.7548782,0.005221359,616.4379883,610.7947515,617.7915039,0.831794193,0.404305862
Remark=,"""11:38:44 Fs=300 Msr=3 Mod=0.25 Filter=5 Gain=10""
",,,,,,,,,,,,,,,,,,,,,,,,,,,,,,,,,,,,,,,,,,,,,,,,,,,,,,,,,,,,,,,,,,,,,,,,,,,,,,,,,
Remark=,"""11:38:44 RF#16 7762 um, Fmax=582 Int=9 Mod=20 Filter=50""
",,,,,,,,,,,,,,,,,,,,,,,,,,,,,,,,,,,,,,,,,,,,,,,,,,,,,,,,,,,,,,,,,,,,,,,,,,,,,,,,,
Remark=,"""11:38:45 Fm'=582""
",,,,,,,,,,,,,,,,,,,,,,,,,,,,,,,,,,,,,,,,,,,,,,,,,,,,,,,,,,,,,,,,,,,,,,,,,,,,,,,,,
16,11:38:45,9191,0,3.29238581,0.1150086,143.0731012,16,0,250.5830078,867.0209961,0,582.7961426,300.9963379,0.710983922,1,0.483530662,9.700410158,0.87,0.92,10.12092686,0.875060463,-0.010432552,0.483530662,0.327817729,0.487691721,701.9328003,0.5,148.5003997,3.241292882,2.149248896,23.73560333,2,4.644859791,1,9.289719582,24.35420227,23.73560333,24.2231636,199.7366028,197.1136322,8.202749252,10.3429842,20.69952774,26.10038185,299.7585144,701.9328003,437.6330566,77.20088196,-2.315207481,-0.344345987,0.5,-1.355140209,7.355140209,1,0,0.159999996,111115,1.498792572,0.003241293,296.8856033,297.5042023,112.3092455,-0.094529562,2.947736398,38.18267776,27.83969356,24.0449028,3.003062383,0.113602182,0.798487502,2.204574881,0.071126396,11.04536959,0.725840722,26.18891729,196.6351763,0.004384974,616.4379883,614.2336415,582.7961426,0.84825004,0.461076149
Remark=,"""11:41:17 Fs=287 Msr=3 Mod=0.25 Filter=5 Gain=10""
",,,,,,,,,,,,,,,,,,,,,,,,,,,,,,,,,,,,,,,,,,,,,,,,,,,,,,,,,,,,,,,,,,,,,,,,,,,,,,,,,
Remark=,"""11:41:17 RF#17 7751 um, Fmax=527 Int=9 Mod=20 Filter=50""
",,,,,,,,,,,,,,,,,,,,,,,,,,,,,,,,,,,,,,,,,,,,,,,,,,,,,,,,,,,,,,,,,,,,,,,,,,,,,,,,,
Remark=,"""11:41:18 Fm'=527""
",,,,,,,,,,,,,,,,,,,,,,,,,,,,,,,,,,,,,,,,,,,,,,,,,,,,,,,,,,,,,,,,,,,,,,,,,,,,,,,,,
17,11:41:18,9344,0,0.137810497,0.118510952,94.69200639,17,0,250.5830078,867.0209961,0,527.0290527,287.8293457,0.710983922,1,0.453864366,9.700410158,0.87,0.92,10.12092686,0.875060463,-0.015574457,0.453864366,0.392138074,0.645110439,701.6572266,0.5,139.334658,3.360058393,2.162687925,23.84137726,2,4.644859791,1,9.289719582,24.96576118,23.84137726,25.01212311,101.3799286,101.0614395,8.193984032,10.41232777,19.93587875,25.33308601,299.7797241,701.6572266,433.2613525,77.20345306,-2.440642357,-0.359437883,0.75,-1.355140209,7.355140209,1,0,0.159999996,111115,1.498898621,0.003360058,296.9913773,298.1157612,112.2651537,-0.092582533,2.966555583,38.42516708,28.01283931,24.40356922,3.068353889,0.117018127,0.803867658,2.264486231,0.073269001,7.310549871,0.936974645,26.21423683,101.0414126,0.000357536,616.4379883,613.9924978,527.0290527,0.865267243,0.551542815
Remark=,"""11:43:49 Fs=278 Msr=3 Mod=0.25 Filter=5 Gain=10""
",,,,,,,,,,,,,,,,,,,,,,,,,,,,,,,,,,,,,,,,,,,,,,,,,,,,,,,,,,,,,,,,,,,,,,,,,,,,,,,,,
Remark=,"""11:43:49 RF#18 7732 um, Fmax=491 Int=9 Mod=20 Filter=50""
",,,,,,,,,,,,,,,,,,,,,,,,,,,,,,,,,,,,,,,,,,,,,,,,,,,,,,,,,,,,,,,,,,,,,,,,,,,,,,,,,
Remark=,"""11:43:50 Fm'=491""
",,,,,,,,,,,,,,,,,,,,,,,,,,,,,,,,,,,,,,,,,,,,,,,,,,,,,,,,,,,,,,,,,,,,,,,,,,,,,,,,,
18,11:43:50,9496,0,-2.030366017,0.12255026,74.81482068,18,0,250.5830078,867.0209961,0,491.517334,278.7263184,0.710983922,1,0.432926778,9.700410158,0.87,0.92,10.12092686,0.875060463,-0.019113655,0.432926778,0.433096388,0.7639683,701.366394,0.5,132.8518078,3.542692937,2.20507298,24.13323975,2,4.644859791,1,9.289719582,25.4164257,24.13323975,25.40442848,49.71418762,50.94851685,8.204246521,10.54319096,19.43208313,24.97196579,299.7370605,701.366394,437.77771,77.20209503,-2.524439812,-0.363390863,0.5,-1.355140209,7.355140209,1,0,0.159999996,111115,1.498685303,0.003542693,297.2832397,298.5664257,112.2186205,-0.117536651,3.01902941,39.10553734,28.56234639,24.77483273,3.137242289,0.120954623,0.81395643,2.323285859,0.075738396,5.775860896,1.468439619,26.07675602,51.24357356,-0.010332097,616.4379883,613.7380018,491.517334,0.883190947,0.609150749
Remark=,"""11:46:27 Fs=326 Msr=3 Mod=0.25 Filter=5 Gain=10""
",,,,,,,,,,,,,,,,,,,,,,,,,,,,,,,,,,,,,,,,,,,,,,,,,,,,,,,,,,,,,,,,,,,,,,,,,,,,,,,,,
Remark=,"""11:46:27 RF#19 7728 um, Fmax=658 Int=9 Mod=20 Filter=50""
",,,,,,,,,,,,,,,,,,,,,,,,,,,,,,,,,,,,,,,,,,,,,,,,,,,,,,,,,,,,,,,,,,,,,,,,,,,,,,,,,
Remark=,"""11:46:28 Fm'=658""
",,,,,,,,,,,,,,,,,,,,,,,,,,,,,,,,,,,,,,,,,,,,,,,,,,,,,,,,,,,,,,,,,,,,,,,,,,,,,,,,,
19,11:46:28,9654,0,14.1137857,0.12777532,386.6562728,19,0,250.5830078,867.0209961,0,658.2941895,326.609375,0.710983922,1,0.503854993,9.700410158,0.87,0.92,10.12092686,0.875060463,0.007194122,0.503854993,0.240740198,0.31707223,701.0597534,0.5,154.5498789,3.638673955,2.173026039,23.99216652,2,4.644859791,1,9.289719582,24.70708084,23.99216652,24.42643547,598.7783203,587.9345703,8.229729652,10.63157368,20.32811546,26.26086998,299.7687683,701.0597534,446.8644409,77.17948914,-3.677638054,-0.352012575,0.75,-1.355140209,7.355140209,1,0,0.159999996,111115,1.498843842,0.003638674,297.1421665,297.8570808,112.169558,-0.160704186,2.993565464,38.78705985,28.15548617,24.34962368,3.058455076,0.126041681,0.820539425,2.237915651,0.078929994,29.8419336,0.657651875,26.58085782,585.8835277,0.006403261,616.4379883,613.4696727,658.2941895,0.813528864,0.338601466
Remark=,"""11:49:09 Fs=328 Msr=3 Mod=0.25 Filter=5 Gain=10""
",,,,,,,,,,,,,,,,,,,,,,,,,,,,,,,,,,,,,,,,,,,,,,,,,,,,,,,,,,,,,,,,,,,,,,,,,,,,,,,,,
Remark=,"""11:49:09 RF#20 7718 um, Fmax=692 Int=9 Mod=20 Filter=50""
",,,,,,,,,,,,,,,,,,,,,,,,,,,,,,,,,,,,,,,,,,,,,,,,,,,,,,,,,,,,,,,,,,,,,,,,,,,,,,,,,
Remark=,"""11:49:10 Fm'=692""
",,,,,,,,,,,,,,,,,,,,,,,,,,,,,,,,,,,,,,,,,,,,,,,,,,,,,,,,,,,,,,,,,,,,,,,,,,,,,,,,,
20,11:49:10,9816,0,15.5979297,0.132143563,469.236608,20,0,250.5830078,867.0209961,0,692.6447754,328.8330078,0.710983922,1,0.525250143,9.700410158,0.87,0.92,10.12092686,0.875060463,0.009617941,0.525250143,0.201121105,0.251754185,700.7276001,0.5,161.0361837,3.761590881,2.172671999,24.03624916,2,4.644859791,1,9.289719582,25.01254845,24.03624916,24.81471252,699.1791382,687.0498657,8.2579422,10.74031544,20.0268383,26.04699516,299.809082,700.7276001,449.5733032,77.1700058,-4.15639782,-0.357239664,0.5,-1.355140209,7.355140209,1,0,0.159999996,111115,1.49904541,0.003761591,297.1862492,298.1625484,112.1164135,-0.170652568,3.001502204,38.89467381,28.15435838,24.5243988,3.09062736,0.130290223,0.828830205,2.261797155,0.081595896,36.21099176,0.682973146,26.81275282,684.7831444,0.006107385,616.4379883,613.1790185,692.6447754,0.822988537,0.282877149
Remark=,"""11:51:51 Fs=325 Msr=3 Mod=0.25 Filter=5 Gain=10""
",,,,,,,,,,,,,,,,,,,,,,,,,,,,,,,,,,,,,,,,,,,,,,,,,,,,,,,,,,,,,,,,,,,,,,,,,,,,,,,,,
Remark=,"""11:51:51 RF#21 7719 um, Fmax=701 Int=9 Mod=20 Filter=50""
",,,,,,,,,,,,,,,,,,,,,,,,,,,,,,,,,,,,,,,,,,,,,,,,,,,,,,,,,,,,,,,,,,,,,,,,,,,,,,,,,
Remark=,"""11:51:52 Fm'=701""
",,,,,,,,,,,,,,,,,,,,,,,,,,,,,,,,,,,,,,,,,,,,,,,,,,,,,,,,,,,,,,,,,,,,,,,,,,,,,,,,,
21,11:51:52,9978,0,19.16256094,0.134315819,715.042114,21,0,250.5830078,867.0209961,0,701.1918945,325.5778809,0.710983922,1,0.535679343,9.700410158,0.87,0.92,10.12092686,0.875060463,0.015428248,0.535679343,0.191263075,0.236496033,700.866333,0.5,164.2661827,3.834383509,2.17917307,24.09626389,2,4.644859791,1,9.289719582,25.19465065,24.09626389,25.00787544,1000.759338,985.4535522,8.265925407,10.7965126,19.82983398,25.90067673,299.7711792,700.866333,448.0369873,77.16972351,-5.633814812,-0.351444185,0.75,-1.355140209,7.355140209,1,0,0.159999996,111115,1.498855896,0.003834384,297.2462639,298.3446507,112.1386108,-0.177786158,3.012336963,39.03521777,28.23870517,24.64545727,3.113084624,0.132401486,0.833163893,2.279920731,0.082920816,55.17960224,0.725596972,26.86727128,982.6688119,0.00523926,616.4379883,613.3004182,701.1918945,0.83356992,0.269011814
Remark=,"""11:54:23 Fs=320 Msr=3 Mod=0.25 Filter=5 Gain=10""
",,,,,,,,,,,,,,,,,,,,,,,,,,,,,,,,,,,,,,,,,,,,,,,,,,,,,,,,,,,,,,,,,,,,,,,,,,,,,,,,,
Remark=,"""11:54:23 RF#22 7726 um, Fmax=706 Int=9 Mod=20 Filter=50""
",,,,,,,,,,,,,,,,,,,,,,,,,,,,,,,,,,,,,,,,,,,,,,,,,,,,,,,,,,,,,,,,,,,,,,,,,,,,,,,,,
Remark=,"""11:54:24 Fm'=706""
",,,,,,,,,,,,,,,,,,,,,,,,,,,,,,,,,,,,,,,,,,,,,,,,,,,,,,,,,,,,,,,,,,,,,,,,,,,,,,,,,
22,11:54:24,10130,0,20.979569,0.133021277,879.7456121,22,0,250.5830078,867.0209961,0,706.7055664,320.9550781,0.710983922,1,0.545843286,9.700410158,0.87,0.92,10.12092686,0.875060463,0.018390029,0.545843286,0.184903746,0.22684897,700.9002686,0.5,167.3910622,3.803511816,2.182165858,24.10642624,2,4.644859791,1,9.289719582,25.20607376,24.10642624,25.00691986,1199.944946,1182.946777,8.272320747,10.78245926,19.83001137,25.84719658,299.7843018,700.9002686,455.4324951,77.16320801,-6.808375359,-0.351939142,0.5,-1.355140209,7.355140209,1,0,0.159999996,111115,1.498921509,0.003803512,297.2564262,298.3560738,112.1440405,-0.172256436,3.014175004,39.06233401,28.27987475,24.65625,3.115093665,0.131143409,0.832009147,2.283084518,0.082131302,67.88399366,0.743689935,26.800946,1179.897986,0.004765431,616.4379883,613.3301138,706.7055664,0.845716751,0.260067408
Remark=,"""11:57:12 Fs=320 Msr=3 Mod=0.25 Filter=5 Gain=10""
",,,,,,,,,,,,,,,,,,,,,,,,,,,,,,,,,,,,,,,,,,,,,,,,,,,,,,,,,,,,,,,,,,,,,,,,,,,,,,,,,
Remark=,"""11:57:12 RF#23 7740 um, Fmax=705 Int=9 Mod=20 Filter=50""
",,,,,,,,,,,,,,,,,,,,,,,,,,,,,,,,,,,,,,,,,,,,,,,,,,,,,,,,,,,,,,,,,,,,,,,,,,,,,,,,,
Remark=,"""11:57:13 Fm'=705""
",,,,,,,,,,,,,,,,,,,,,,,,,,,,,,,,,,,,,,,,,,,,,,,,,,,,,,,,,,,,,,,,,,,,,,,,,,,,,,,,,
23,11:57:13,10299,0,22.79120551,0.130059913,1137.582342,23,0,250.5830078,867.0209961,0,705.0007324,320.9155273,0.710983922,1,0.544801143,9.700410158,0.87,0.92,10.12092686,0.875060463,0.021335257,0.544801143,0.186870058,0.229815738,701.1809082,0.5,167.1383688,3.669024401,2.153114481,23.91049194,2,4.644859791,1,9.289719582,24.55410004,23.91049194,24.22958183,1499.961304,1481.129517,8.278911591,10.70065498,20.63557434,26.67188454,299.7644958,701.1809082,463.1964417,77.17234039,-8.605250359,-0.341513574,0.5,-1.355140209,7.355140209,1,0,0.159999996,111115,1.498822479,0.003669024,297.0604919,297.7041,112.1889428,-0.16925584,2.97890907,38.60073512,27.90008013,24.23229599,3.0370222,0.128264162,0.825794589,2.211227611,0.080324527,87.78989171,0.768050551,26.91780811,1477.817455,0.00415132,616.4379883,613.5756905,705.0007324,0.845224964,0.262833029
Remark=,"""12:00:24 Fs=318 Msr=3 Mod=0.25 Filter=5 Gain=10""
",,,,,,,,,,,,,,,,,,,,,,,,,,,,,,,,,,,,,,,,,,,,,,,,,,,,,,,,,,,,,,,,,,,,,,,,,,,,,,,,,
Remark=,"""12:00:24 RF#24 7729 um, Fmax=703 Int=9 Mod=20 Filter=50""
",,,,,,,,,,,,,,,,,,,,,,,,,,,,,,,,,,,,,,,,,,,,,,,,,,,,,,,,,,,,,,,,,,,,,,,,,,,,,,,,,
Remark=,"""12:00:25 Fm'=703""
",,,,,,,,,,,,,,,,,,,,,,,,,,,,,,,,,,,,,,,,,,,,,,,,,,,,,,,,,,,,,,,,,,,,,,,,,,,,,,,,,
24,12:00:25,10491,0,25.6239486,0.12678941,1570.241064,24,0,250.5830078,867.0209961,0,703.8310547,318.46875,0.710983922,1,0.547521031,9.700410158,0.87,0.92,10.12092686,0.875060463,0.025949743,0.547521031,0.188219134,0.231859535,701.2428589,0.5,167.987638,3.573222254,2.150468496,23.87201881,2,4.644859791,1,9.289719582,24.74269104,23.87201881,24.62098694,2000.131348,1978.317871,8.286651611,10.64540863,20.42400169,26.23759842,299.7497253,701.2428589,455.7406311,77.17490387,-12.43410778,-0.34428972,0.75,-1.355140209,7.355140209,1,0,0.159999996,111115,1.498748627,0.003573222,297.0220188,297.892691,112.1988549,-0.142000614,2.972026884,38.51027646,27.86486783,24.30735493,3.050718429,0.125082243,0.821558388,2.229160041,0.078328008,121.1832032,0.79372536,26.81865054,1974.594149,0.003480207,616.4379883,613.6299011,703.8310547,0.850223862,0.264730507
Remark=,"""12:31:37 34_ACi""
",,,,,,,,,,,,,,,,,,,,,,,,,,,,,,,,,,,,,,,,,,,,,,,,,,,,,,,,,,,,,,,,,,,,,,,,,,,,,,,,,
Remark=,"""12:33:32 Launched AutoProg /User/Configs/AutoProgs/Flr A-CiCurve""
",,,,,,,,,,,,,,,,,,,,,,,,,,,,,,,,,,,,,,,,,,,,,,,,,,,,,,,,,,,,,,,,,,,,,,,,,,,,,,,,,
Remark=,"""12:38:08 Fo=111""
",,,,,,,,,,,,,,,,,,,,,,,,,,,,,,,,,,,,,,,,,,,,,,,,,,,,,,,,,,,,,,,,,,,,,,,,,,,,,,,,,
Remark=,"""12:38:08 RF#25 7371 um, Fmax=484 Int=9 Mod=20 Filter=50""
",,,,,,,,,,,,,,,,,,,,,,,,,,,,,,,,,,,,,,,,,,,,,,,,,,,,,,,,,,,,,,,,,,,,,,,,,,,,,,,,,
Remark=,"""12:38:09 Fm=484""
",,,,,,,,,,,,,,,,,,,,,,,,,,,,,,,,,,,,,,,,,,,,,,,,,,,,,,,,,,,,,,,,,,,,,,,,,,,,,,,,,
25,12:38:09,12755.5,0,11.50063575,0.050594676,16.05011312,25,0,111.267334,484.6049805,0,0,0,0.77039581,#DIV/0!,#DIV/0!,11.50063575,0.87,0.92,0,0.87,0,#DIV/0!,1,#DIV/0!,701.2428589,0.5,#DIV/0!,1.511481358,2.260752313,23.98879051,2,4.644859791,1,9.289719582,24.42685318,23.98879051,24.42499924,399.2875366,391.2198181,8.494492531,9.493374825,21.32254982,23.82990646,299.7615051,0.943970859,472.6776428,77.12811279,-12.43410778,-0.34428972,0.75,-1.355140209,7.355140209,1,0,0.159999996,111115,1.498807526,0.001511481,297.1387905,297.5768532,0.151035334,-0.246117827,2.992958397,38.80502568,29.31165085,24.20782185,3.032567966,0.050320615,0.732206084,2.300361882,0.031474893,1.237914935,0.041025818,23.0143116,389.5485235,0.006794512,373.3376465,0.821254647,0,0,1.298034059
Remark=,"""12:45:46 Fs=144 Msr=3 Mod=0.25 Filter=5 Gain=10""
",,,,,,,,,,,,,,,,,,,,,,,,,,,,,,,,,,,,,,,,,,,,,,,,,,,,,,,,,,,,,,,,,,,,,,,,,,,,,,,,,
Remark=,"""12:45:46 RF#26 7756 um, Fmax=302 Int=9 Mod=20 Filter=50""
",,,,,,,,,,,,,,,,,,,,,,,,,,,,,,,,,,,,,,,,,,,,,,,,,,,,,,,,,,,,,,,,,,,,,,,,,,,,,,,,,
Remark=,"""12:45:47 Fm'=302""
",,,,,,,,,,,,,,,,,,,,,,,,,,,,,,,,,,,,,,,,,,,,,,,,,,,,,,,,,,,,,,,,,,,,,,,,,,,,,,,,,
26,12:45:47,13213.5,0,4.308039449,0.049819902,242.547186,26,0,111.267334,484.6049805,0,302.371582,144.3894043,0.77039581,1,0.522476936,11.50063575,0.87,0.92,10.18026161,0.875090131,-0.011773478,0.522476936,0.376045245,0.602680309,698.1168823,0.5,159.5945493,1.480251239,2.24843352,23.89411163,2,4.644859791,1,9.289719582,22.97032547,23.89411163,22.67204857,400.0713501,396.8050842,8.455323219,9.433644295,23.16773987,25.84835815,299.7557983,698.1168823,482.6467896,77.12223053,-2.789240837,-0.321707666,0.75,-1.355140209,7.355140209,1,0,0.159999996,111115,1.498778992,0.001480251,297.0441116,296.1203255,111.6986987,0.144115554,2.975977211,38.58780004,29.15415575,23.43221855,2.894336418,0.049554148,0.72754369,2.166792728,0.030995109,18.70577999,0.611250197,23.00145019,396.1790316,0.002501171,373.3376465,610.9151939,302.371582,0.826680617,0.488119535
Remark=,"""12:48:18 Fs=135 Msr=3 Mod=0.25 Filter=5 Gain=10""
",,,,,,,,,,,,,,,,,,,,,,,,,,,,,,,,,,,,,,,,,,,,,,,,,,,,,,,,,,,,,,,,,,,,,,,,,,,,,,,,,
Remark=,"""12:48:18 RF#27 7755 um, Fmax=282 Int=9 Mod=20 Filter=50""
",,,,,,,,,,,,,,,,,,,,,,,,,,,,,,,,,,,,,,,,,,,,,,,,,,,,,,,,,,,,,,,,,,,,,,,,,,,,,,,,,
Remark=,"""12:48:19 Fm'=282""
",,,,,,,,,,,,,,,,,,,,,,,,,,,,,,,,,,,,,,,,,,,,,,,,,,,,,,,,,,,,,,,,,,,,,,,,,,,,,,,,,
27,12:48:19,13365.5,0,2.67922294,0.050639368,200.898244,27,0,111.267334,484.6049805,0,282.8015137,135.3376465,0.77039581,1,0.521439455,11.50063575,0.87,0.92,10.18026161,0.875090131,-0.014445731,0.521439455,0.416428792,0.71358694,697.8239136,0.5,159.2108011,1.523100468,2.275359428,24.04463005,2,4.644859791,1,9.289719582,23.28965569,24.04463005,23.06417084,300.0971375,298.0066528,8.430483818,9.437139511,22.65296555,25.35788155,299.7503052,697.8239136,513.1916504,77.10533142,-2.59591198,-0.320193231,0.75,-1.355140209,7.355140209,1,0,0.159999996,111115,1.498751526,0.0015231,297.1946301,296.4396557,111.6518237,0.143869839,3.003013198,38.94689437,29.50975485,23.66714287,2.935611712,0.050364824,0.72765377,2.207957943,0.031502566,15.49032568,0.674140131,22.77330654,297.617303,0.002050108,373.3376465,610.6588198,282.8015137,0.85967629,0.540538755
Remark=,"""12:50:53 Fs=131 Msr=3 Mod=0.25 Filter=5 Gain=10""
",,,,,,,,,,,,,,,,,,,,,,,,,,,,,,,,,,,,,,,,,,,,,,,,,,,,,,,,,,,,,,,,,,,,,,,,,,,,,,,,,
Remark=,"""12:50:53 RF#28 7749 um, Fmax=260 Int=9 Mod=20 Filter=50""
",,,,,,,,,,,,,,,,,,,,,,,,,,,,,,,,,,,,,,,,,,,,,,,,,,,,,,,,,,,,,,,,,,,,,,,,,,,,,,,,,
Remark=,"""12:50:54 Fm'=260""
",,,,,,,,,,,,,,,,,,,,,,,,,,,,,,,,,,,,,,,,,,,,,,,,,,,,,,,,,,,,,,,,,,,,,,,,,,,,,,,,,
28,12:50:54,13520.5,0,1.145952768,0.051587843,154.4372195,28,0,111.267334,484.6049805,0,260.0241699,131.6682129,0.77039581,1,0.493630869,11.50063575,0.87,0.92,10.12092686,0.875060463,-0.016862947,0.493630869,0.46343067,0.863692058,701.72229,0.5,151.5568775,1.534326961,2.250496071,23.90223885,2,4.644859791,1,9.289719582,22.84021187,23.90223885,22.48052979,199.5555115,198.5876923,8.414297104,9.428290367,23.23150063,26.03108978,299.7773132,701.72229,491.4007568,77.10151672,-2.367014885,-0.327269495,0.5,-1.355140209,7.355140209,1,0,0.159999996,111115,1.498886566,0.001534327,297.0522388,295.9902119,112.2755639,0.130698883,2.977431559,38.61702967,29.1887393,23.37122536,2.883703509,0.051302947,0.726935487,2.156768022,0.032089817,11.90734386,0.777677699,22.98209926,198.4211602,0.001327298,373.3376465,614.0494323,260.0241699,0.862857537,0.601548793
Remark=,"""12:53:31 Fs=125 Msr=3 Mod=0.25 Filter=5 Gain=10""
",,,,,,,,,,,,,,,,,,,,,,,,,,,,,,,,,,,,,,,,,,,,,,,,,,,,,,,,,,,,,,,,,,,,,,,,,,,,,,,,,
Remark=,"""12:53:31 RF#29 7752 um, Fmax=232 Int=9 Mod=20 Filter=50""
",,,,,,,,,,,,,,,,,,,,,,,,,,,,,,,,,,,,,,,,,,,,,,,,,,,,,,,,,,,,,,,,,,,,,,,,,,,,,,,,,
Remark=,"""12:53:32 Fm'=232""
",,,,,,,,,,,,,,,,,,,,,,,,,,,,,,,,,,,,,,,,,,,,,,,,,,,,,,,,,,,,,,,,,,,,,,,,,,,,,,,,,
29,12:53:32,13678.5,0,-0.637817292,0.053192451,114.2310903,29,0,111.267334,484.6049805,0,232.1328125,125.8051758,0.77039581,1,0.458046562,11.50063575,0.87,0.92,10.12092686,0.875060463,-0.019760394,0.458046562,0.5209855,1.087619476,701.9879761,0.5,140.6848617,1.594584501,2.268880071,24.01181221,2,4.644859791,1,9.289719582,23.1477375,24.01181221,22.87034225,99.79856873,100.117569,8.38925457,9.442996979,22.73991013,25.59618378,299.7937317,701.9879761,478.2625427,77.11748505,-2.353999138,-0.325723588,0.75,-1.355140209,7.355140209,1,0,0.159999996,111115,1.498968658,0.001594585,297.1618122,296.2977375,112.3180737,0.12904718,2.99710025,38.86408184,29.42108486,23.57977486,2.920201765,0.052889608,0.728220178,2.191981587,0.033083081,8.8092144,1.140969477,22.86541909,100.2102578,-0.001455336,373.3376465,614.2819237,232.1328125,0.879718825,0.676256923
Remark=,"""12:56:08 Fs=125 Msr=3 Mod=0.25 Filter=5 Gain=10""
",,,,,,,,,,,,,,,,,,,,,,,,,,,,,,,,,,,,,,,,,,,,,,,,,,,,,,,,,,,,,,,,,,,,,,,,,,,,,,,,,
Remark=,"""12:56:08 RF#30 7751 um, Fmax=215 Int=9 Mod=20 Filter=50""
",,,,,,,,,,,,,,,,,,,,,,,,,,,,,,,,,,,,,,,,,,,,,,,,,,,,,,,,,,,,,,,,,,,,,,,,,,,,,,,,,
Remark=,"""12:56:09 Fm'=215""
",,,,,,,,,,,,,,,,,,,,,,,,,,,,,,,,,,,,,,,,,,,,,,,,,,,,,,,,,,,,,,,,,,,,,,,,,,,,,,,,,
30,12:56:09,13835.5,0,-1.473567649,0.055277681,89.75558267,30,0,111.267334,484.6049805,0,215.8103027,125.8552246,0.77039581,1,0.416824762,11.50063575,0.87,0.92,10.12092686,0.875060463,-0.021119434,0.416824762,0.554667592,1.245513649,702.0375977,0.5,128.033008,1.648045546,2.257876581,23.95254517,2,4.644859791,1,9.289719582,22.99616051,23.95254517,22.67376518,49.31446075,50.24230957,8.355463028,9.444571495,22.86413765,25.84440613,299.7828979,702.0375977,474.3442383,77.14177704,-2.625945091,-0.324751794,0.5,-1.355140209,7.355140209,1,0,0.159999996,111115,1.49891449,0.001648046,297.1025452,296.1461605,112.3260131,0.115543205,2.98644761,38.7137518,29.2691803,23.47435284,2.901701675,0.054950702,0.728571028,2.173130647,0.034373417,6.923905146,1.786454155,22.98875697,50.45645127,-0.006713807,373.3376465,614.3253455,215.8103027,0.860460337,0.719977426
Remark=,"""12:59:47 Fs=154 Msr=3 Mod=0.25 Filter=5 Gain=10""
",,,,,,,,,,,,,,,,,,,,,,,,,,,,,,,,,,,,,,,,,,,,,,,,,,,,,,,,,,,,,,,,,,,,,,,,,,,,,,,,,
Remark=,"""12:59:47 RF#31 7747 um, Fmax=336 Int=9 Mod=20 Filter=50""
",,,,,,,,,,,,,,,,,,,,,,,,,,,,,,,,,,,,,,,,,,,,,,,,,,,,,,,,,,,,,,,,,,,,,,,,,,,,,,,,,
Remark=,"""12:59:48 Fm'=336""
",,,,,,,,,,,,,,,,,,,,,,,,,,,,,,,,,,,,,,,,,,,,,,,,,,,,,,,,,,,,,,,,,,,,,,,,,,,,,,,,,
31,12:59:48,14054.5,0,7.731634899,0.057662292,354.8085347,31,0,111.267334,484.6049805,0,336.7797852,154.1748047,0.77039581,1,0.542208851,11.50063575,0.87,0.92,10.12092686,0.875060463,-0.006136885,0.542208851,0.305042666,0.438937258,701.8433838,0.5,166.5002461,1.736640895,2.281230883,24.08402824,2,4.644859791,1,9.289719582,23.32910728,24.08402824,23.06476021,599.2991943,593.453186,8.300445557,9.448152542,22.26243591,25.34067345,299.7686462,701.8433838,467.6648254,77.14675903,-3.546172142,-0.323498666,0.5,-1.355140209,7.355140209,1,0,0.159999996,111115,1.498843231,0.001736641,297.2340282,296.4791073,112.2949389,0.108768699,3.01012523,39.01816833,29.57001579,23.70656776,2.942588718,0.057306584,0.728894347,2.213694371,0.035848404,27.37232853,0.597871143,22.81174152,592.3296099,0.0029776,373.3376465,614.1553967,336.7797852,0.809733474,0.39595577
Remark=,"""13:02:21 Fs=158 Msr=3 Mod=0.25 Filter=5 Gain=10""
",,,,,,,,,,,,,,,,,,,,,,,,,,,,,,,,,,,,,,,,,,,,,,,,,,,,,,,,,,,,,,,,,,,,,,,,,,,,,,,,,
Remark=,"""13:02:21 RF#32 7759 um, Fmax=365 Int=9 Mod=20 Filter=50""
",,,,,,,,,,,,,,,,,,,,,,,,,,,,,,,,,,,,,,,,,,,,,,,,,,,,,,,,,,,,,,,,,,,,,,,,,,,,,,,,,
Remark=,"""13:02:22 Fm'=365""
",,,,,,,,,,,,,,,,,,,,,,,,,,,,,,,,,,,,,,,,,,,,,,,,,,,,,,,,,,,,,,,,,,,,,,,,,,,,,,,,,
32,13:02:22,14208.5,0,8.640385472,0.059738559,434.3854796,32,0,111.267334,484.6049805,0,365.8972168,158.0253906,0.77039581,1,0.568115352,11.50063575,0.87,0.92,10.12092686,0.875060463,-0.004656563,0.568115352,0.244957787,0.324429261,701.9407959,0.5,174.4797682,1.783206845,2.26211385,23.97307968,2,4.644859791,1,9.289719582,23.16366005,23.97307968,22.87004089,700.7672729,694.177002,8.257122993,9.435564041,22.37170792,25.56455612,299.7827148,701.9407959,469.0306396,77.15711212,-3.825346947,-0.317774713,0.5,-1.355140209,7.355140209,1,0,0.159999996,111115,1.498913574,0.001783207,297.1230797,296.31366,112.3105248,0.098217892,2.990134723,38.75384447,29.31828043,23.56836987,2.918195385,0.059356858,0.728020873,2.190174513,0.037132142,33.51592915,0.62575608,22.97491416,692.9213644,0.002864858,373.3376465,614.2406382,365.8972168,0.816368542,0.317963551
Remark=,"""13:05:42 Fs=156 Msr=3 Mod=0.25 Filter=5 Gain=10""
",,,,,,,,,,,,,,,,,,,,,,,,,,,,,,,,,,,,,,,,,,,,,,,,,,,,,,,,,,,,,,,,,,,,,,,,,,,,,,,,,
Remark=,"""13:05:42 RF#33 7757 um, Fmax=384 Int=9 Mod=20 Filter=50""
",,,,,,,,,,,,,,,,,,,,,,,,,,,,,,,,,,,,,,,,,,,,,,,,,,,,,,,,,,,,,,,,,,,,,,,,,,,,,,,,,
Remark=,"""13:05:43 Fm'=384""
",,,,,,,,,,,,,,,,,,,,,,,,,,,,,,,,,,,,,,,,,,,,,,,,,,,,,,,,,,,,,,,,,,,,,,,,,,,,,,,,,
33,13:05:43,14409.5,0,11.26097393,0.06011328,650.436433,33,0,111.267334,484.6049805,0,384.7080078,156.0126953,0.77039581,1,0.594464653,11.50063575,0.87,0.92,10.12092686,0.875060463,-0.000390091,0.594464653,0.206141036,0.259669595,702.0936279,0.5,182.6119251,1.808603171,2.279791452,24.05433655,2,4.644859791,1,9.289719582,23.48171806,24.05433655,23.2602272,1000.274292,991.5646362,8.201337814,9.396673203,21.7964859,24.97329712,299.7666321,702.0936279,470.9238281,77.1520462,-5.591399193,-0.315887392,0.5,-1.355140209,7.355140209,1,0,0.159999996,111115,1.49883316,0.001808603,297.2043365,296.6317181,112.334978,0.104441515,3.004764017,38.94600552,29.54933232,23.76802731,2.953494109,0.059726791,0.724972565,2.228521544,0.037363777,50.18250173,0.655969777,22.74796317,989.9281697,0.002587705,373.3376465,614.3743754,384.7080078,0.836361721,0.267578085
Remark=,"""13:08:15 Fs=156 Msr=3 Mod=0.25 Filter=5 Gain=10""
",,,,,,,,,,,,,,,,,,,,,,,,,,,,,,,,,,,,,,,,,,,,,,,,,,,,,,,,,,,,,,,,,,,,,,,,,,,,,,,,,
Remark=,"""13:08:15 RF#34 7757 um, Fmax=391 Int=9 Mod=20 Filter=50""
",,,,,,,,,,,,,,,,,,,,,,,,,,,,,,,,,,,,,,,,,,,,,,,,,,,,,,,,,,,,,,,,,,,,,,,,,,,,,,,,,
Remark=,"""13:08:16 Fm'=391""
",,,,,,,,,,,,,,,,,,,,,,,,,,,,,,,,,,,,,,,,,,,,,,,,,,,,,,,,,,,,,,,,,,,,,,,,,,,,,,,,,
34,13:08:16,14562.5,0,11.94075827,0.058801248,815.4204131,34,0,111.267334,484.6049805,0,391.7370605,156.4572754,0.77039581,1,0.600606399,11.50063575,0.87,0.92,10.18026161,0.875090131,0.000720549,0.600606399,0.19163633,0.237066975,698.0031738,0.5,183.4299055,1.746558249,2.250792772,23.85581017,2,4.644859791,1,9.289719582,23.00601578,23.85581017,22.67397881,1199.357422,1190.004639,8.157262802,9.311615944,22.30921745,25.46624756,299.7860718,698.0031738,478.1199341,77.14437866,-6.480315208,-0.312336862,0.5,-1.355140209,7.355140209,1,0,0.159999996,111115,1.498930359,0.001746558,297.0058102,296.1560158,111.6805053,0.10040269,2.969131599,38.48798383,29.17636789,23.43091297,2.894108459,0.058431394,0.718338826,2.175769632,0.036552671,62.90510111,0.685224567,22.82593656,1188.269385,0.002293747,373.3376465,610.8156887,391.7370605,0.83887765,0.248750483
Remark=,"""13:11:21 Fs=140 Msr=3 Mod=0.25 Filter=5 Gain=10""
",,,,,,,,,,,,,,,,,,,,,,,,,,,,,,,,,,,,,,,,,,,,,,,,,,,,,,,,,,,,,,,,,,,,,,,,,,,,,,,,,
Remark=,"""13:11:21 RF#35 7754 um, Fmax=307 Int=9 Mod=20 Filter=50""
",,,,,,,,,,,,,,,,,,,,,,,,,,,,,,,,,,,,,,,,,,,,,,,,,,,,,,,,,,,,,,,,,,,,,,,,,,,,,,,,,
Remark=,"""13:11:22 Fm'=307""
",,,,,,,,,,,,,,,,,,,,,,,,,,,,,,,,,,,,,,,,,,,,,,,,,,,,,,,,,,,,,,,,,,,,,,,,,,,,,,,,,
35,13:11:22,14748.5,0,4.3766797,0.056957522,257.9938651,35,0,111.267334,484.6049805,0,307.0388184,140.0905762,0.77039581,1,0.543736597,11.50063575,0.87,0.92,10.18026161,0.875090131,-0.01166396,0.543736597,0.366414233,0.578318283,697.9469604,0.5,166.0480482,1.705970519,2.268938053,23.93388367,2,4.644859791,1,9.289719582,23.16122246,23.93388367,22.8704319,400.7433777,397.3709412,8.130259514,9.257951736,22.02646446,25.081604,299.7585144,697.9469604,507.185791,77.14041138,-2.820189476,-0.320414484,0.5,-1.355140209,7.355140209,1,0,0.159999996,111115,1.498792572,0.001705971,297.0838837,296.3112225,111.6715112,0.110948327,2.983100258,38.6710442,29.41309246,23.54755306,2.914536376,0.056610429,0.714162205,2.200374171,0.03541254,19.90175288,0.649251967,22.54766069,396.7349136,0.002487401,373.3376465,610.7664969,307.0388184,0.852770988,0.475618154
Remark=,"""13:13:58 Fs=132 Msr=3 Mod=0.25 Filter=5 Gain=10""
",,,,,,,,,,,,,,,,,,,,,,,,,,,,,,,,,,,,,,,,,,,,,,,,,,,,,,,,,,,,,,,,,,,,,,,,,,,,,,,,,
Remark=,"""13:13:58 RF#36 7751 um, Fmax=280 Int=9 Mod=20 Filter=50""
",,,,,,,,,,,,,,,,,,,,,,,,,,,,,,,,,,,,,,,,,,,,,,,,,,,,,,,,,,,,,,,,,,,,,,,,,,,,,,,,,
Remark=,"""13:13:59 Fm'=280""
",,,,,,,,,,,,,,,,,,,,,,,,,,,,,,,,,,,,,,,,,,,,,,,,,,,,,,,,,,,,,,,,,,,,,,,,,,,,,,,,,
36,13:13:59,14905.5,0,3.008509706,0.056611208,200.1260421,36,0,111.267334,484.6049805,0,280.269043,132.4355469,0.77039581,1,0.527469943,11.50063575,0.87,0.92,10.12092686,0.875060463,-0.013824687,0.527469943,0.421654638,0.729070665,701.9772949,0.5,162.0051606,1.718473501,2.298797733,24.10040283,2,4.644859791,1,9.289719582,23.34721756,24.10040283,23.06480217,300.1013794,297.7529602,8.124562263,9.260388374,21.76319885,24.80572701,299.7923279,701.9772949,513.2467041,77.13366699,-2.670165062,-0.327474535,0.5,-1.355140209,7.355140209,1,0,0.159999996,111115,1.498961639,0.001718474,297.2504028,296.4972176,112.3163647,0.112129808,3.013085446,39.0631687,29.80278032,23.7238102,2.945644659,0.056268311,0.714287713,2.231356946,0.035198342,15.43645548,0.672121083,22.29070931,297.3157578,0.002255576,373.3376465,614.272577,280.269043,0.874745569,0.547322081
Remark=,"""13:16:34 Fs=128 Msr=3 Mod=0.25 Filter=5 Gain=10""
",,,,,,,,,,,,,,,,,,,,,,,,,,,,,,,,,,,,,,,,,,,,,,,,,,,,,,,,,,,,,,,,,,,,,,,,,,,,,,,,,
Remark=,"""13:16:34 RF#37 7749 um, Fmax=254 Int=9 Mod=20 Filter=50""
",,,,,,,,,,,,,,,,,,,,,,,,,,,,,,,,,,,,,,,,,,,,,,,,,,,,,,,,,,,,,,,,,,,,,,,,,,,,,,,,,
Remark=,"""13:16:35 Fm'=254""
",,,,,,,,,,,,,,,,,,,,,,,,,,,,,,,,,,,,,,,,,,,,,,,,,,,,,,,,,,,,,,,,,,,,,,,,,,,,,,,,,
37,13:16:35,15061.5,0,1.615763029,0.057874694,145.9315212,37,0,111.267334,484.6049805,0,254.2526855,128.3088379,0.77039581,1,0.495349134,11.50063575,0.87,0.92,10.12092686,0.875060463,-0.016094742,0.495349134,0.475340337,0.90599749,701.857605,0.5,152.1137542,1.733783014,2.269150393,23.93790817,2,4.644859791,1,9.289719582,22.87437439,23.93790817,22.48112106,200.4619141,199.1535187,8.120258331,9.266303062,22.38037109,25.53900528,299.7644348,701.857605,466.4151917,77.12584686,-2.397139549,-0.325128496,0.5,-1.355140209,7.355140209,1,0,0.159999996,111115,1.498822174,0.001733783,297.0879082,296.0243744,112.2972143,0.095521054,2.983821864,38.68770309,29.42140003,23.40614128,2.889786194,0.057516369,0.714671471,2.175114723,0.035979753,11.25509216,0.73275894,22.56575132,198.9187129,0.001832955,373.3376465,614.1678411,254.2526855,0.880816435,0.617007947
Remark=,"""13:19:14 Fs=124 Msr=3 Mod=0.25 Filter=5 Gain=10""
",,,,,,,,,,,,,,,,,,,,,,,,,,,,,,,,,,,,,,,,,,,,,,,,,,,,,,,,,,,,,,,,,,,,,,,,,,,,,,,,,
Remark=,"""13:19:14 RF#38 7745 um, Fmax=231 Int=9 Mod=20 Filter=50""
",,,,,,,,,,,,,,,,,,,,,,,,,,,,,,,,,,,,,,,,,,,,,,,,,,,,,,,,,,,,,,,,,,,,,,,,,,,,,,,,,
Remark=,"""13:19:15 Fm'=231""
",,,,,,,,,,,,,,,,,,,,,,,,,,,,,,,,,,,,,,,,,,,,,,,,,,,,,,,,,,,,,,,,,,,,,,,,,,,,,,,,,
38,13:19:15,15221.5,0,-0.264595442,0.059469194,102.2095859,38,0,111.267334,484.6049805,0,231.2011719,124.4631348,0.77039581,1,0.461667371,11.50063575,0.87,0.92,10.12092686,0.875060463,-0.019154076,0.461667371,0.522907974,1.096031679,701.9419556,0.5,141.7876644,1.783098524,2.271194254,23.95523643,2,4.644859791,1,9.289719582,23.01296425,23.95523643,22.67413521,99.86924744,99.92690277,8.102503777,9.281117439,22.14241982,25.3633194,299.767334,701.9419556,452.7843323,77.11747742,-2.519644737,-0.328829706,0.75,-1.355140209,7.355140209,1,0,0.159999996,111115,1.49883667,0.001783099,297.1052364,296.1629642,112.3107104,0.092293573,2.986930619,38.73221375,29.45109631,23.48410034,2.903407915,0.059090917,0.715736365,2.18767155,0.036965623,7.882145433,1.022843529,22.58752192,99.96535429,-0.000597863,373.3376465,614.2416529,231.2011719,0.889974331,0.67875236
Remark=,"""13:21:55 Fs=122 Msr=3 Mod=0.25 Filter=5 Gain=10""
",,,,,,,,,,,,,,,,,,,,,,,,,,,,,,,,,,,,,,,,,,,,,,,,,,,,,,,,,,,,,,,,,,,,,,,,,,,,,,,,,
Remark=,"""13:21:55 RF#39 7748 um, Fmax=215 Int=9 Mod=20 Filter=50""
",,,,,,,,,,,,,,,,,,,,,,,,,,,,,,,,,,,,,,,,,,,,,,,,,,,,,,,,,,,,,,,,,,,,,,,,,,,,,,,,,
Remark=,"""13:21:56 Fm'=215""
",,,,,,,,,,,,,,,,,,,,,,,,,,,,,,,,,,,,,,,,,,,,,,,,,,,,,,,,,,,,,,,,,,,,,,,,,,,,,,,,,
39,13:21:56,15382.5,0,-1.342939015,0.061508806,82.09704495,39,0,111.267334,484.6049805,0,215.3327637,122.5837402,0.77039581,1,0.430724159,11.50063575,0.87,0.92,10.12092686,0.875060463,-0.020912862,0.430724159,0.555653012,1.250493479,701.8339844,0.5,132.2640119,1.830139705,2.254343231,23.86615944,2,4.644859791,1,9.289719582,22.85348892,23.86615944,22.48061562,49.29624176,50.13105392,8.083800316,9.293545723,22.30387115,25.64165878,299.7541809,701.8339844,469.2264404,77.11122894,-2.692343712,-0.329972208,0.75,-1.355140209,7.355140209,1,0,0.159999996,111115,1.498770905,0.00183014,297.0161594,296.0034889,112.293435,0.080821817,2.970979963,38.52849972,29.234954,23.35982418,2.881719743,0.061104225,0.716636732,2.165083011,0.038226285,6.330604028,1.637648494,22.77376739,50.32621242,-0.006077108,373.3376465,614.1471716,215.3327637,0.891256815,0.721256534
Remark=,"""13:24:37 Fs=151 Msr=3 Mod=0.25 Filter=5 Gain=10""
",,,,,,,,,,,,,,,,,,,,,,,,,,,,,,,,,,,,,,,,,,,,,,,,,,,,,,,,,,,,,,,,,,,,,,,,,,,,,,,,,
Remark=,"""13:24:37 RF#40 7743 um, Fmax=324 Int=9 Mod=20 Filter=50""
",,,,,,,,,,,,,,,,,,,,,,,,,,,,,,,,,,,,,,,,,,,,,,,,,,,,,,,,,,,,,,,,,,,,,,,,,,,,,,,,,
Remark=,"""13:24:38 Fm'=324""
",,,,,,,,,,,,,,,,,,,,,,,,,,,,,,,,,,,,,,,,,,,,,,,,,,,,,,,,,,,,,,,,,,,,,,,,,,,,,,,,,
40,13:24:38,15544.5,0,8.061724294,0.063361555,365.4571392,40,0,111.267334,484.6049805,0,324.7817383,151.0917969,0.77039581,1,0.53478974,11.50063575,0.87,0.92,10.12092686,0.875060463,-0.005601047,0.53478974,0.329801072,0.4920943,701.6389771,0.5,164.174174,1.902118132,2.274146175,23.98814201,2,4.644859791,1,9.289719582,23.16513252,23.98814201,22.87083244,599.5144043,593.381958,8.064605713,9.321992874,21.83107758,25.23485184,299.7305298,701.6389771,422.6633911,77.09677887,-3.604392052,-0.32419771,0.5,-1.355140209,7.355140209,1,0,0.159999996,111115,1.498652649,0.001902118,297.138142,296.3151325,112.2622338,0.076437494,2.992841798,38.81928456,29.49729169,23.57663727,2.919649676,0.062932318,0.718695623,2.200954053,0.039371039,28.17556825,0.615888526,22.66712888,592.2104127,0.003085662,373.3376465,613.9765284,324.7817383,0.813481142,0.428093024
Remark=,"""13:27:18 Fs=155 Msr=3 Mod=0.25 Filter=5 Gain=10""
",,,,,,,,,,,,,,,,,,,,,,,,,,,,,,,,,,,,,,,,,,,,,,,,,,,,,,,,,,,,,,,,,,,,,,,,,,,,,,,,,
Remark=,"""13:27:18 RF#41 7746 um, Fmax=357 Int=9 Mod=20 Filter=50""
",,,,,,,,,,,,,,,,,,,,,,,,,,,,,,,,,,,,,,,,,,,,,,,,,,,,,,,,,,,,,,,,,,,,,,,,,,,,,,,,,
Remark=,"""13:27:19 Fm'=357""
",,,,,,,,,,,,,,,,,,,,,,,,,,,,,,,,,,,,,,,,,,,,,,,,,,,,,,,,,,,,,,,,,,,,,,,,,,,,,,,,,
41,13:27:19,15705.5,0,8.931320098,0.065847508,447.9973205,41,0,111.267334,484.6049805,0,357.253418,155.4223633,0.77039581,1,0.564952061,11.50063575,0.87,0.92,10.12092686,0.875060463,-0.00418476,0.564952061,0.26279458,0.356474021,701.6311035,0.5,173.4317063,1.990955962,2.290240477,24.09462929,2,4.644859791,1,9.289719582,23.35151863,24.09462929,23.06594276,701.0078735,694.1268921,8.048436165,9.36435318,21.53858566,25.0601387,299.7623596,701.6311035,423.7044373,77.07963562,-4.016867638,-0.319880426,0.75,-1.355140209,7.355140209,1,0,0.159999996,111115,1.498811798,0.001990956,297.2446293,296.5015186,112.2609741,0.064309296,3.012041408,39.07700632,29.71265314,23.72307396,2.945514116,0.065384052,0.721800931,2.223713185,0.04090642,34.53147022,0.645411272,22.62493528,692.8289754,0.002916601,373.3376465,613.9696386,357.253418,0.820497857,0.341116316
Remark=,"""13:30:08 Fs=156 Msr=3 Mod=0.25 Filter=5 Gain=10""
",,,,,,,,,,,,,,,,,,,,,,,,,,,,,,,,,,,,,,,,,,,,,,,,,,,,,,,,,,,,,,,,,,,,,,,,,,,,,,,,,
Remark=,"""13:30:08 RF#42 7745 um, Fmax=375 Int=9 Mod=20 Filter=50""
",,,,,,,,,,,,,,,,,,,,,,,,,,,,,,,,,,,,,,,,,,,,,,,,,,,,,,,,,,,,,,,,,,,,,,,,,,,,,,,,,
Remark=,"""13:30:09 Fm'=375""
",,,,,,,,,,,,,,,,,,,,,,,,,,,,,,,,,,,,,,,,,,,,,,,,,,,,,,,,,,,,,,,,,,,,,,,,,,,,,,,,,
42,13:30:09,15875.5,0,11.29453611,0.067058134,680.563684,42,0,111.267334,484.6049805,0,375.5744629,156.1040039,0.77039581,1,0.584359377,11.50063575,0.87,0.92,10.12092686,0.875060463,-0.000335554,0.584359377,0.224988438,0.290303331,701.9018555,0.5,179.4586821,2.006386436,2.266525452,23.95256042,2,4.644859791,1,9.289719582,23.03617668,23.95256042,22.67375183,1000.861023,991.9978027,8.015956879,9.342045784,21.85966682,25.47593689,299.775177,701.9018555,419.4962463,77.06287384,-5.448569298,-0.314993799,0.75,-1.355140209,7.355140209,1,0,0.159999996,111115,1.498875885,0.002006386,297.1025604,296.1861767,112.3042944,0.054047647,2.986450348,38.7534256,29.41137982,23.49436855,2.905206249,0.066577542,0.719924896,2.185281353,0.041653877,52.44619332,0.68605362,22.79365057,990.3564589,0.002599506,373.3376465,614.2065629,375.5744629,0.830361481,0.292042655
Remark=,"""13:32:54 Fs=154 Msr=3 Mod=0.25 Filter=5 Gain=10""
",,,,,,,,,,,,,,,,,,,,,,,,,,,,,,,,,,,,,,,,,,,,,,,,,,,,,,,,,,,,,,,,,,,,,,,,,,,,,,,,,
Remark=,"""13:32:54 RF#43 7745 um, Fmax=381 Int=9 Mod=20 Filter=50""
",,,,,,,,,,,,,,,,,,,,,,,,,,,,,,,,,,,,,,,,,,,,,,,,,,,,,,,,,,,,,,,,,,,,,,,,,,,,,,,,,
Remark=,"""13:32:55 Fm'=381""
",,,,,,,,,,,,,,,,,,,,,,,,,,,,,,,,,,,,,,,,,,,,,,,,,,,,,,,,,,,,,,,,,,,,,,,,,,,,,,,,,
43,13:32:55,16041.5,0,12.19819368,0.065759391,843.3468264,43,0,111.267334,484.6049805,0,381.0554199,154.3134766,0.77039581,1,0.595036657,11.50063575,0.87,0.92,10.12092686,0.875060463,0.001135996,0.595036657,0.213678284,0.271744096,701.7227783,0.5,182.691088,1.954503601,2.251064594,23.85725594,2,4.644859791,1,9.289719582,22.87071991,23.85725594,22.48112488,1200.288452,1190.597046,8.031089783,9.323000908,22.11737251,25.67525482,299.7546387,701.7227783,455.9844055,77.04870605,-6.443320274,-0.315645158,0.5,-1.355140209,7.355140209,1,0,0.159999996,111115,1.498773193,0.001954504,297.0072559,296.0207199,112.275642,0.05998864,2.969389751,38.53912548,29.21612457,23.36398792,2.882444082,0.06529717,0.718325157,2.164118925,0.040852009,64.97878173,0.708339425,22.87825669,1188.824381,0.002347474,373.3376465,614.0498596,381.0554199,0.840444613,0.27736169
Remark=,"""13:35:26 Fs=152 Msr=3 Mod=0.25 Filter=5 Gain=10""
",,,,,,,,,,,,,,,,,,,,,,,,,,,,,,,,,,,,,,,,,,,,,,,,,,,,,,,,,,,,,,,,,,,,,,,,,,,,,,,,,
Remark=,"""13:35:26 RF#44 7743 um, Fmax=382 Int=9 Mod=20 Filter=50""
",,,,,,,,,,,,,,,,,,,,,,,,,,,,,,,,,,,,,,,,,,,,,,,,,,,,,,,,,,,,,,,,,,,,,,,,,,,,,,,,,
Remark=,"""13:35:27 Fm'=382""
",,,,,,,,,,,,,,,,,,,,,,,,,,,,,,,,,,,,,,,,,,,,,,,,,,,,,,,,,,,,,,,,,,,,,,,,,,,,,,,,,
44,13:35:27,16193.5,0,13.35650522,0.063410993,1089.060778,44,0,111.267334,484.6049805,0,382.753418,152.7121582,0.77039581,1,0.601016866,11.50063575,0.87,0.92,10.12092686,0.875060463,0.003022379,0.601016866,0.210174403,0.266102294,701.7144165,0.5,184.5249623,1.887569015,2.254145607,23.86536407,2,4.644859791,1,9.289719582,22.85482597,23.86536407,22.4811306,1500.60437,1489.816528,8.05322361,9.30091095,22.20183754,25.64157104,299.7566528,701.7144165,482.0036621,77.05613708,-8.139975548,-0.310479105,0.5,-1.355140209,7.355140209,1,0,0.159999996,111115,1.498783264,0.001887569,297.0153641,296.004826,112.2743041,0.070711976,2.970837876,38.55420202,29.25329107,23.36009502,2.881766855,0.062981088,0.716692269,2.165074586,0.03940158,83.91881664,0.731003286,22.79124152,1487.875535,0.002045946,373.3376465,614.0425425,382.753418,0.847340889,0.272813533